名称,人气
蒂姆·罗宾斯,18286 人收藏
鲍勃·冈顿,461 人收藏
吉尔·贝罗斯,131 人收藏
克兰西·布朗,499 人收藏
弗兰克·德拉邦特,9124 人收藏
大卫·普罗瓦尔,31 人收藏
保罗·麦克兰尼,12 人收藏
尼尔·吉恩托利,10 人收藏
斯蒂芬·金,14209 人收藏
詹姆斯·惠特摩,114 人收藏
马克·罗斯顿,61 人收藏
摩根·弗里曼,46789 人收藏
祖德·塞克利拉,23 人收藏
威廉姆·赛德勒,306 人收藏
杰弗里·德曼,150 人收藏
陈凯歌,19122 人收藏
芮妮·布莱恩,15 人收藏
阿方索·弗里曼,11 人收藏
拉里·布兰登伯格,11 人收藏
耐德·巴拉米,20 人收藏
布赖恩·利比,13 人收藏
唐·麦克马纳斯,12 人收藏
马克·迈尔斯,2 人收藏
约瑟夫·劳格诺,8 人收藏
V·J·福斯特,4 人收藏
吕齐,171 人收藏
弗兰克·梅德拉诺,6 人收藏
芦苇,3085 人收藏
英达,1797 人收藏
李碧华,8311 人收藏
巩俐,25507 人收藏
吴大维,1319 人收藏
布赖恩·戴拉特,5 人收藏
尼尔·萨默斯,5 人收藏
张国荣,88503 人收藏
童弟,37 人收藏
尹治,399 人收藏
赵海龙,35 人收藏
沈慧芬,136 人收藏
张丰毅,4667 人收藏
马明威,184 人收藏
蒋雯丽,6921 人收藏
智一桐,48 人收藏
葛优,30290 人收藏
罗宾·怀特,8876 人收藏
徐杰,1092 人收藏
雷汉,311 人收藏
罗伯特·泽米吉斯,6976 人收藏
费振翔,1544 人收藏
麦凯尔泰·威廉逊,76 人收藏
温斯顿·格鲁姆,18 人收藏
李丹,3085 人收藏
黄斐,58 人收藏
迈克尔·康纳·亨弗里斯,35 人收藏
李春,1002 人收藏
伊俄涅·M·特雷奇,2 人收藏
艾瑞克·罗斯,427 人收藏
哈罗德·G·赫瑟姆,3 人收藏
汉娜·豪尔,113 人收藏
加里·西尼斯,958 人收藏
杰森·麦克奎尔,2 人收藏
希博汗·法隆,48 人收藏
海利·乔·奥斯蒙,6755 人收藏
汤姆·汉克斯,65727 人收藏
德博拉·麦克蒂尔,2 人收藏
丹尼尔C.斯瑞派克,6 人收藏
莎莉·菲尔德,1270 人收藏
罗布·兰德里,2 人收藏
山姆·安德森,33 人收藏
伊丽莎白·汉克斯,2 人收藏
桑尼·施罗耶,4 人收藏
埃里克·安德伍德,2 人收藏
伊莎贝尔·罗斯,6 人收藏
阿非莫·奥米拉,12 人收藏
约翰·威廉·高尔特,2 人收藏
艾德·戴维斯,2 人收藏
彼得·道博森,6 人收藏
拜伦·明斯,3 人收藏
克里斯托弗·琼斯,25 人收藏
迈克尔·伯吉斯,3 人收藏
瓦妮莎·罗斯,15 人收藏
詹姆斯·卡梅隆,34191 人收藏
艾尔·哈林顿,2 人收藏
大卫·布里斯宾,5 人收藏
迪克·史迪威,2 人收藏
斯蒂芬·布吉格沃特,6 人收藏
约翰·沃德斯塔德,2 人收藏
乔·阿拉斯奇,4 人收藏
弗兰西丝·费舍,252 人收藏
迪克·卡维特,16 人收藏
希拉里·沙普兰,2 人收藏
维克多·加博,958 人收藏
凯特·温丝莱特,55517 人收藏
理查德·达历山德罗,4 人收藏
阿那托利·萨加洛维奇,3 人收藏
W·本森·泰瑞,2 人收藏
马拉·苏查雷特扎,17 人收藏
莱昂纳多·迪卡普里奥,133998 人收藏
乔纳森·菲利普斯,45 人收藏
苏茜·爱米斯,80 人收藏
比尔·帕克斯顿,340 人收藏
迈克尔-杰斯,12 人收藏
夏洛特·查顿,34 人收藏
伯纳德·希尔,297 人收藏
杰弗里·布莱克,20 人收藏
格劳瑞亚·斯图尔特,654 人收藏
比利·赞恩,790 人收藏
理查德·格拉翰,13 人收藏
斯科特·安德森,3 人收藏
乔纳森·海德,93 人收藏
凯西·贝茨,4666 人收藏
杰森·贝瑞,15 人收藏
罗莎琳·艾尔斯,10 人收藏
刘易斯·阿伯内西,2 人收藏
吕克·贝松,36892 人收藏
乔纳森·伊万斯-琼斯,9 人收藏
保罗·布赖特威尔,3 人收藏
詹姆斯·兰开斯特,1 人收藏
伊万·斯图尔特,87 人收藏
大卫·沃纳,77 人收藏
丹尼·努齐,48 人收藏
尼古拉斯·卡斯柯恩,4 人收藏
西蒙·克雷恩,4 人收藏
卢·帕尔特,2 人收藏
马克·林赛·查普曼,9 人收藏
法妮·布雷特,7 人收藏
弗兰克·赛格,3 人收藏
艾恩·格拉法德,2238 人收藏
彼得·阿佩尔,17 人收藏
乔治·坎塔里尼,749 人收藏
艾伦·格里尼,131 人收藏
罗切尔·罗斯,13 人收藏
格雷戈里·库克,1 人收藏
泰瑞·佛瑞斯塔,4 人收藏
罗伯托·贝尼尼,14111 人收藏
马里奥·托迪斯科,4 人收藏
拉法埃拉·莱博罗尼,2 人收藏
加里·奥德曼,44310 人收藏
亚美利哥·丰塔尼,3 人收藏
艾尔莎·瑞雯,9 人收藏
利迪娅·阿方西,25 人收藏
马丁·贾维斯,15 人收藏
迈克尔·巴达鲁科,50 人收藏
利亚姆·图伊,1 人收藏
伊丽莎白·瑞根,31 人收藏
汉尼斯·赫尔曼,6 人收藏
吉娜·诺维勒,18 人收藏
吉安卡尔洛·科森蒂诺,2 人收藏
丹尼·爱罗,201 人收藏
中村彰男,16 人收藏
萨米·纳塞利,553 人收藏
罗伯特·拉萨多,54 人收藏
温琴佐·切拉米,38 人收藏
宫崎骏,71445 人收藏
史蒂文·斯皮尔伯格,65447 人收藏
朱利亚娜·洛约迪切,6 人收藏
玛丽萨·帕雷德斯,474 人收藏
亚当·布斯奇,8 人收藏
入野自由,1136 人收藏
阿伦·克雷格,2 人收藏
马西莫·比安奇,2 人收藏
马克·伊瓦涅,96 人收藏
小林郁夫,8 人收藏
我修院达也,70 人收藏
霍斯特·布赫霍尔茨,135 人收藏
彼得·德·席尔瓦,5 人收藏
柊瑠美,707 人收藏
汤姆·哈迪,61007 人收藏
恩尼奥·孔萨尔维,2 人收藏
迪尔克·范登贝格,2 人收藏
乔纳森·萨加尔,32 人收藏
拉尔夫·费因斯,47773 人收藏
弗兰科·梅斯科利尼,2 人收藏
克莱尔·吉尔蕾,9 人收藏
克里斯托弗·诺兰,172063 人收藏
大泉洋,2039 人收藏
诺伯特·魏塞尔,7 人收藏
迈克尔·凯恩,19590 人收藏
蒂姆·科勒赫,7 人收藏
奥梅罗·安东努蒂,14 人收藏
内藤刚志,124 人收藏
瑞恩·海沃德,2 人收藏
夏木真理,957 人收藏
玛丽昂·歌迪亚,46080 人收藏
泽口靖子,5657 人收藏
连姆·尼森,27376 人收藏
卡罗琳·古多尔,382 人收藏
琼·艾伦,2198 人收藏
维斯瓦夫·科马萨,0 人收藏
麦肯吉·弗依,11237 人收藏
田川洋行,249 人收藏
上条恒彦,13 人收藏
本·金斯利,5754 人收藏
冈本玉二,20 人收藏
弗里德里希·冯·图恩,10 人收藏
皮特·波斯尔思韦特,784 人收藏
克齐斯茨托夫·拉夫特,6 人收藏
理查·基尔,9140 人收藏
基里安·墨菲,31304 人收藏
蒂莫西·柴勒梅德,51255 人收藏
艾伯丝·戴维兹,1165 人收藏
科莱特·沃夫,101 人收藏
乔什·斯图沃特,967 人收藏
安妮·海瑟薇,113324 人收藏
约瑟夫·高登-莱维特,58958 人收藏
乔纳森·吉尔,3 人收藏
彼得·威尔,5710 人收藏
汤姆·贝伦杰,233 人收藏
厄尔·卡梅伦,7 人收藏
斯蒂芬·P·林赛,9 人收藏
卢卡斯·哈斯,688 人收藏
比尔·欧文,61 人收藏
水源士郎,11 人收藏
威廉姆·德瓦内,38 人收藏
萨拉·罗默尔,617 人收藏
乔纳森·诺兰,9839 人收藏
普路特·泰勒·文斯,1025 人收藏
米兰达·诺兰,27 人收藏
杰西卡·查斯坦,25269 人收藏
罗比·萨布莱特,26 人收藏
韦斯·本特利,2811 人收藏
布鲁克·史密斯,101 人收藏
朱塞佩·托纳多雷,34375 人收藏
新藤兼人,2138 人收藏
LuigiDeLuca,55 人收藏
托弗·戈瑞斯,1894 人收藏
卡西·阿弗莱克,14840 人收藏
诺亚·艾默里奇,378 人收藏
马修·麦康纳,46513 人收藏
杰夫·赫普内尔,168 人收藏
加布里埃莱·拉维亚,24 人收藏
拉吉库马尔·希拉尼,1220 人收藏
尼尔·奥布赖恩,2 人收藏
大卫·吉亚西,202 人收藏
拉杰夫·拉宾德拉纳特安,5 人收藏
大卫·奥伊罗,194 人收藏
弗朗西斯·X.麦卡蒂,14 人收藏
劳拉·琳妮,7399 人收藏
希思科特·威廉姆斯,5 人收藏
娜塔莎·麦克艾霍恩,3157 人收藏
格里芬·弗雷泽,3 人收藏
伊莱耶斯·加贝尔,241 人收藏
奥米·瓦依达,76 人收藏
梅兰尼·蒂埃里,1632 人收藏
艾德·哈里斯,8942 人收藏
阿尔贝托·巴斯克斯,23 人收藏
亚利桑德罗·巴里克,115 人收藏
伊斯顿·盖奇,9 人收藏
约翰·拉岑贝格,67 人收藏
沙拉·鲁宾,4 人收藏
阿米尔·汗,48086 人收藏
克莱特·惠特克,1 人收藏
科里·巴克,16 人收藏
沙尔曼·乔希,703 人收藏
彼特·道格特,5324 人收藏
杰夫·格尔林,60 人收藏
阿妮妲·扎格利亚,32 人收藏
鲍伯·伯根,7 人收藏
诺埃-诺尔,5 人收藏
杰夫·皮金,4 人收藏
托马斯·布伦门塔尔,5 人收藏
博曼·伊拉尼,138 人收藏
麦兆辉,3006 人收藏
杰斯·哈梅尔,19 人收藏
西格妮·韦弗,7338 人收藏
让-巴蒂斯特·莫尼耶,5098 人收藏
泰奥杜尔·卡雷-卡赛尼,10 人收藏
米凯·麦高万,2 人收藏
乔治·沙普罗,2 人收藏
梁朝伟,55055 人收藏
马科森斯·珀林,352 人收藏
雅克·贝汉,7186 人收藏
拜伦·霍华德,545 人收藏
陈冠希,14511 人收藏
内特·托伦斯,22 人收藏
珍妮弗·李,285 人收藏
奥克塔维亚·斯宾瑟,1556 人收藏
莫里斯·拉马奇,28 人收藏
约翰·拉维尔,5 人收藏
汤米·利斯特,23 人收藏
莫文蔚,8077 人收藏
周星驰,72135 人收藏
白承焕,1108 人收藏
孔枝泳,36 人收藏
许在浩,14 人收藏
严孝燮,71 人收藏
约翰·马利,67 人收藏
阿尔·帕西诺,74969 人收藏
比利·怀尔德,27051 人收藏
塔莉娅·夏尔,489 人收藏
查尔斯·劳顿,2615 人收藏
斯蒂夫·康拉德,144 人收藏
托林·撒切尔,37545人浏览 · 1篇文章
乔治·张,3 人收藏
卡兰·麦克奥利菲,9550 人收藏
詹姆斯·凯伦,57 人收藏
迈克尔·博萨,2 人收藏
斯戴芬妮·斯考特,611 人收藏
凯特琳·帕西托,26 人收藏
糸井重里,30 人收藏
龙田直树,6 人收藏
马克·派普罗,33 人收藏
马吉·汉,36 人收藏
邵茹贞,6 人收藏
张天民,19 人收藏
卡尔·马图斯维奇,18 人收藏
凯文·德·拉·诺伊,1 人收藏
艾瑞克·布里登,23 人收藏
爱德华德·弗莱彻,12 人收藏
娜塔莉·波特曼,104469 人收藏
克劳迪奥·阿方西,2 人收藏
理查德·塞梅尔,246 人收藏
让·雷诺,30913 人收藏
马丁·伊斯特,1 人收藏
博纳德·福克斯,4 人收藏
克雷格·凯利,264 人收藏
赛尔乔·比尼·布斯特里克,21 人收藏
麦温,628 人收藏
吉尔·巴罗尼,2 人收藏
朱斯蒂诺·杜拉诺,43 人收藏
安东尼奥·普雷斯特,4 人收藏
迈克尔·英塞恩,9 人收藏
乔治·马丁,2675 人收藏
斯蒂文·泽里安,540 人收藏
弗朗西斯·古佐,2 人收藏
安德烈·瑟韦林,71 人收藏
碧翠斯·马科拉,25 人收藏
尼可莱塔·布拉斯基,3698 人收藏
神木隆之介,8398 人收藏
安德烈提多娜,6 人收藏
托马斯·肯尼利,26 人收藏
拉什·费加,10 人收藏
玉井夕海,9 人收藏
艾瑞克·阿瓦利,72 人收藏
李太力,3 人收藏
马尔戈萨·格贝尔,19 人收藏
小野武彦,85 人收藏
拉斯·霍尔斯道姆,3224 人收藏
艾利奥特·佩吉,36910 人收藏
安德鲁·尼科尔,4371 人收藏
妲露拉·莱莉,10761 人收藏
迪利普·劳,73 人收藏
弗洛拉·诺兰,21 人收藏
莱雅·卡里恩斯,39 人收藏
马格努斯·诺兰,4 人收藏
泰勒·吉蕾,40 人收藏
菅原文太,374 人收藏
利亚姆·迪金森,26 人收藏
布莱恩·普林格,7 人收藏
马特·达蒙,62450 人收藏
渡边谦,7059 人收藏
约翰·利思戈,850 人收藏
费米·依鲁福祖,3 人收藏
安德鲁·博尔巴,8 人收藏
艾丽莎·奈特,103 人收藏
杰森·亚历山大,164 人收藏
比尔·努恩,110 人收藏
尼古拉·迪·平托,15 人收藏
皮特·沃恩,118 人收藏
罗伯特·卡普荣,85 人收藏
金·凯瑞,37618 人收藏
吉姆·里尔顿,22 人收藏
安德鲁·斯坦顿,2149 人收藏
阿希贾特·乔希,14 人收藏
凯文·麦克纳利,146 人收藏
蒂姆·罗斯,34799 人收藏
安吉洛·迪洛雷塔,1 人收藏
西德尼·科尔,5 人收藏
约翰·齐甘,2 人收藏
罗里·艾伦,27 人收藏
马达范,177 人收藏
凯茜·纳基麦,62 人收藏
雪莉·琳恩,11 人收藏
佛莱德·威拉特,66 人收藏
热拉尔·朱尼奥,1817 人收藏
莫娜·辛格,13 人收藏
本·贝尔特,77 人收藏
维德胡·维诺德·乔普拉,15 人收藏
洛丽·理查德森,1 人收藏
保罗·伊丁,7 人收藏
弗朗索瓦·贝莱昂,512 人收藏
克兰伦斯·威廉姆斯三世,60 人收藏
埃里克·德斯玛莱茨,3 人收藏
让-保罗·博奈雷,25 人收藏
MacInTalk,11 人收藏
西里尔·伯尔尼科特,4 人收藏
唐纳德·富利洛夫,5 人收藏
狄迪尔·弗拉蒙,20 人收藏
卡琳娜·卡普尔,2588 人收藏
扬·拉布森,1 人收藏
曾志伟,4937 人收藏
吉姆·瓦德,6 人收藏
林家栋,7311 人收藏
凯德·麦拉德,662 人收藏
庄文强,2607 人收藏
勒·惠勒,599 人收藏
泰迪·牛顿,28 人收藏
珍妮·斯蕾特,458 人收藏
菲利普·洛佩斯-屈瓦尔,5 人收藏
拉瑞恩·纽曼,32 人收藏
菲尔·约翰斯顿,64 人收藏
邦尼·亨特,126 人收藏
格雷戈里·加迪诺尔,43 人收藏
刘伟强,8056 人收藏
克里斯托夫·巴拉蒂,1287 人收藏
CaroleWeiss,5 人收藏
瑞奇·摩尔,561 人收藏
西蒙·法戈特,12 人收藏
黄秋生,17392 人收藏
萧亚轩,1438 人收藏
余文乐,11913 人收藏
菲利普·杜·詹纳兰德,3 人收藏
吉塔·雷迪,8 人收藏
凯蒂·洛斯,33 人收藏
夏奇拉,878 人收藏
郑秀文,7109 人收藏
玛丽·布奈尔,215 人收藏
吴孟达,10030 人收藏
陈慧琳,3597 人收藏
伊德里斯·艾尔巴,3402 人收藏
乔西·特立尼达,7 人收藏
刘镇伟,5891 人收藏
金妮弗·古德温,3463 人收藏
刘德华,26962 人收藏
汤米·钟,87 人收藏
马克·史密斯,9 人收藏
金贤秀,3406 人收藏
唐·雷克,10 人收藏
约翰·迪·马吉欧,99 人收藏
郑有美,22288 人收藏
杰拉德·布什,54 人收藏
雷蒙德·S·佩尔西,8 人收藏
陆树铭,373 人收藏
艾伦·图代克,905 人收藏
张素妍,313 人收藏
梅利莎·古德温,8 人收藏
杰西·科尔蒂,3 人收藏
乔希·达拉斯,1133 人收藏
彼得·曼斯布里奇,2 人收藏
J·K·西蒙斯,6845 人收藏
严智星,20 人收藏
克里斯汀·贝尔,4099 人收藏
黛安·基顿,10729 人收藏
孔刘,54339 人收藏
蔡少芬,5646 人收藏
罗家英,1854 人收藏
杰森·贝特曼,3559 人收藏
金周灵,314 人收藏
艾尔·勒提埃里,17 人收藏
理查德·卡斯特尔诺,63 人收藏
朱茵,14564 人收藏
爱尔莎·兰切斯特,348 人收藏
张光,320 人收藏
金志映,34 人收藏
德拉·萨巴,12 人收藏
郑仁絮,106 人收藏
林贤成,9 人收藏
李健仁,453 人收藏
坦迪·牛顿,3397 人收藏
兰尼·蒙大拿,17 人收藏
玛琳·黛德丽,8594 人收藏
马里奥·普佐,702 人收藏
弗朗西斯·福特·科波拉,23071 人收藏
凯斯·索西,31 人收藏
詹姆斯·肯恩,1433 人收藏
吉尔·科德斯,4 人收藏
斯科特·克拉斯,8 人收藏
全国焕,97 人收藏
贾登·史密斯,1318 人收藏
黄东赫,2390 人收藏
蓝洁瑛,5389 人收藏
罗伯特·杜瓦尔,2797 人收藏
乔伊芙·拉文,1 人收藏
尤娜·奥康纳,26 人收藏
崔镇浩,69 人收藏
阿加莎·克里斯蒂,27019 人收藏
吉亚尼·罗素,12 人收藏
鲁迪·邦德,7 人收藏
艾丹·奎因,1679 人收藏
凯文·韦斯曼,43 人收藏
金民尚,25 人收藏
理查德·康特,57 人收藏
阿贝·维高达,126528人浏览 · 11篇文章
亨利·丹尼尔,2276 人收藏
斯特林·海登,307 人收藏
凯文·韦斯特,5 人收藏
泰隆·鲍华,1310 人收藏
科迪·霍恩,204 人收藏
马龙·白兰度,24253 人收藏
伊瑟尔·布罗萨德,1727 人收藏
瑞贝卡·德·莫妮,693 人收藏
威尔·史密斯,39947 人收藏
约翰·凯泽尔,1871 人收藏
斯科特·乔尔·吉兹基,1 人收藏
罗德·迈尔斯,4 人收藏
杰奎琳·埃沃拉,4 人收藏
哈里·库尼兹,14 人收藏
杰弗·卡伦,4 人收藏
坂本千夏,48 人收藏
阿罗拉·凯瑟琳·史密斯,6 人收藏
约翰·威廉姆斯,1537 人收藏
茹塔·李,37545人浏览 · 1篇文章
奥玛·希,2051 人收藏
加布里埃莱·穆奇诺,590 人收藏
戴维·迈克尔·西尔弗曼,1 人收藏
鳕子,18 人收藏
塔卡尤·费舍尔,15 人收藏
日高法子,156 人收藏
布莱恩·豪威,48 人收藏
安东尼·爱德华兹,192 人收藏
玛德琳·卡罗尔,6393 人收藏
丸山裕子,7 人收藏
多米尼克·博夫,2 人收藏
泰勒·格鲁秀斯,6 人收藏
博·勒纳,3 人收藏
陈冲,21752 人收藏
凯莉·唐纳利,9 人收藏
千叶繁,46 人收藏
理查德·吴,64 人收藏
约翰·马奥尼,630 人收藏
佩内洛普·安·米勒,1253 人收藏
马修·戈尔德,4 人收藏
安德鲁·沙因曼,11 人收藏
罗伯·莱纳,6997 人收藏
尊龙,26472 人收藏
安娜·勒尼,122 人收藏
水谷优子,57 人收藏
艾莉·布莱恩特,5 人收藏
瑞安·克茨纳,34 人收藏
阿什莉·泰勒,28 人收藏
文德琳·范·德拉安南,31 人收藏
弗朗索瓦·克鲁塞,4911 人收藏
苟杰德,77 人收藏
摩根·莉莉,4011 人收藏
吉莉安·普法夫,2 人收藏
米歇尔·梅斯默,4 人收藏
雨笠利幸,4 人收藏
康斯坦丁·格雷戈里,13 人收藏
肖恩·哈珀,328 人收藏
梁冬,117 人收藏
索菲亚·撒高,8 人收藏
帕特丽夏·伦茨,4 人收藏
黄自强,85 人收藏
玛吉·吉伦哈尔,11382 人收藏
广濑正志,6 人收藏
奥利维埃·纳卡什,750 人收藏
迈克尔·博尔顿,191 人收藏
鲍皓昕,11 人收藏
艾伦·艾克哈特,3947 人收藏
托马·索利韦尔,105 人收藏
奥德雷·弗勒罗,1309 人收藏
程淑艳,13 人收藏
埃里克·托莱达诺,263 人收藏
卡拉帕西托,14 人收藏
中村大树,7 人收藏
约书亚·哈尔托,13 人收藏
埃里克·罗伯茨,418 人收藏
岛本须美,145 人收藏
平松晶子,24 人收藏
柯林·麦克法兰,13 人收藏
欧鲁米基·欧拉乌米,3 人收藏
北林谷荣,61 人收藏
鹫尾真知子,58 人收藏
威廉·斯米利,2 人收藏
铃木玲子,11 人收藏
高木均,12 人收藏
吴涛,77 人收藏
丹尼斯·邓,30 人收藏
石田光子,2 人收藏
盖尔·加西亚·贝纳尔,4684 人收藏
威廉·菲克纳,5964 人收藏
李·昂克里奇,1870 人收藏
黄文捷,23 人收藏
西村朋纮,3 人收藏
大谷育江,415 人收藏
贝纳尔多·贝托鲁奇,25769 人收藏
彼得·奥图尔,2829 人收藏
神代知衣,7 人收藏
娜塔丽·科尔多瓦,157 人收藏
坂本龙一,24438 人收藏
陈述,154 人收藏
邬君梅,4667 人收藏
奥克塔维·索利斯,1 人收藏
安东尼·冈萨雷斯,67 人收藏
卢燕,1091 人收藏
英若诚,993 人收藏
大卫·S·高耶,393 人收藏
皱缇格,65 人收藏
蔡鸿翔,96 人收藏
阿方索·阿雷奥,168 人收藏
黄汉琪,9 人收藏
刘天池,335 人收藏
里克·扬,72 人收藏
安娜·奥菲丽亚·莫吉亚,9 人收藏
王涛,226 人收藏
亨利·基,583 人收藏
区亨利,94 人收藏
张良斌,9 人收藏
艾玛·沃森,57846 人收藏
内斯特·卡博内尔,503 人收藏
宋怀桂,58 人收藏
黛娅娜·欧特里,10 人收藏
克里斯蒂安·贝尔,65216 人收藏
里特奇·科斯特,14 人收藏
邦妮·怀特,1674 人收藏
迈克尔·斯托扬诺夫,7 人收藏
希斯·莱杰,35352 人收藏
莫尼克·加布里埃拉·库尔内,124 人收藏
罗恩·迪恩,8 人收藏
黄经汉,606 人收藏
丹尼·高德林,3 人收藏
郭涛,3304 人收藏
安东尼·迈克尔·豪尔,292 人收藏
文森佐·尼克力,2 人收藏
切奇·马林,68 人收藏
奥兰多·布鲁姆,29772 人收藏
杨同顺,3 人收藏
迈克尔·加·怀特,907 人收藏
董飞,12 人收藏
美琳达·麦格劳,136 人收藏
阿德里安·莫利纳,145 人收藏
迈克尔·维约,2 人收藏
内森·甘宝,376 人收藏
马尔顿·索克斯,651 人收藏
杰米·卡米尔,30 人收藏
马修·奥尔德里奇,4 人收藏
赫伯特·西古恩萨,1 人收藏
丹尼尔·雷德克里夫,13529 人收藏
爱利克·赫尔曼,4 人收藏
格雷格·比姆,2 人收藏
卡拉·梅迪纳,4 人收藏
伊恩·哈特,290 人收藏
朱丽·沃特斯,1024 人收藏
毕崔斯·罗森,271 人收藏
加布里埃尔·伊格莱西亚斯,189 人收藏
本杰明·布拉特,509 人收藏
牛犇,734 人收藏
约翰·诺贝尔,625 人收藏
路易斯·瓦尔德斯,4 人收藏
维果·莫腾森,16096 人收藏
菲利帕·鲍恩斯,144 人收藏
布兰卡·阿拉切利,2 人收藏
马修·奥尼尔,2 人收藏
芮妮·维克托,16 人收藏
阿兰娜·乌巴赫,129 人收藏
詹森·卡茨,2 人收藏
倪大红,5158 人收藏
张璐,141 人收藏
赛琳娜·露娜,6 人收藏
李连义,76 人收藏
卡尔·厄本,3624 人收藏
阿利斯泰尔·布朗宁,11 人收藏
爱德华·詹姆斯·奥莫斯,223 人收藏
约翰·贝西,11 人收藏
张艺谋,36915 人收藏
汤姆·费尔顿,8932 人收藏
克里斯·哥伦布,1456 人收藏
索菲亚·伊斯皮诺萨,11 人收藏
史蒂夫·克洛夫斯,90 人收藏
余华,17135 人收藏
诺埃尔·阿普利比,3 人收藏
董立范,221 人收藏
姜武,5695 人收藏
理查德·哈里斯,1548 人收藏
乔尔·托贝克,8 人收藏
隆巴多·博伊尔,13 人收藏
弗兰·威尔士,211 人收藏
萨尔瓦多·雷耶斯,1 人收藏
约翰·赫特,6695 人收藏
刘燕瑾,13 人收藏
黄宗洛,616 人收藏
布拉德·道里夫,495 人收藏
鲁伯特·格林特,9698 人收藏
菲利普·格里夫,6 人收藏
丽芙·泰勒,24258 人收藏
约翰·瑞斯-戴维斯,240 人收藏
约瑟夫·米卡-亨特,1 人收藏
伊利亚·伍德,5342 人收藏
肖聪,93 人收藏
玛吉·史密斯,11330 人收藏
艾伦·瑞克曼,26402 人收藏
约翰·克里斯,617 人收藏
J.R.R.托尔金,3003 人收藏
萨拉·贝克,41 人收藏
劳伦斯·马克奥雷,8 人收藏
山姆·伍德,170 人收藏
彼得·杰克逊,15066 人收藏
J.K.罗琳,3988 人收藏
肖恩·比格斯代夫,3874 人收藏
安德鲁·莱斯尼,58 人收藏
凯特·布兰切特,62358 人收藏
伊恩·麦克莱恩,21934 人收藏
肖恩·宾,5723 人收藏
多米尼克·莫纳汉,1166 人收藏
罗彼·考特拉尼,589 人收藏
比利·博伊德,535 人收藏
沙恩·朗吉,3 人收藏
布雷特·麦肯齐,216 人收藏
AlexandraAstin,14 人收藏
霍华德·肖,369 人收藏
西恩·奥斯汀,1392 人收藏
伊安·霍姆,497 人收藏
乔治·库克,2195 人收藏
IanHughes,2 人收藏
布鲁斯·霍普金斯,9 人收藏
萨德文·布罗菲,6 人收藏
ToddRippon,0 人收藏
安迪·瑟金斯,5101 人收藏
阿兰·霍华德,15 人收藏
PaulNorell,0 人收藏
奥利维娅·德哈维兰,1930 人收藏
托马斯·米切尔,160 人收藏
布鲁斯·菲利普斯,3 人收藏
米兰达·奥图,1888 人收藏
SarahMcLeod,7 人收藏
乔·斯沃林,15 人收藏
RobertPollock,1 人收藏
迈克尔·斯曼内科,0 人收藏
大卫·文翰,952 人收藏
佩特·史密斯,4 人收藏
史蒂芬·乌瑞,5 人收藏
雨果·维文,20863 人收藏
埃弗雷特·布朗,5 人收藏
吉诺·阿赛维多,5 人收藏
RobertCatto,5802 人收藏
MichaelElsworth,0 人收藏
克里斯托弗·李,4094 人收藏
弗莱德·克莱恩,6 人收藏
亨利·莫腾森,3 人收藏
HarrySinclair,163 人收藏
布鲁斯·斯宾斯,48 人收藏
本·赫克特,219 人收藏
约翰·斯蒂芬森,4 人收藏
克里斯蒂安·瑞沃斯,54 人收藏
杰德·布罗菲,34 人收藏
理查德·泰勒,29 人收藏
玛格丽特·米歇尔,42 人收藏
卡洛尔·奈,4 人收藏
SandroKopp,8 人收藏
费雯·丽,23593 人收藏
克雷格·帕克,506 人收藏
芭芭拉·欧内尔,73 人收藏
利昂娜·罗伯特,6 人收藏
约翰·范·德鲁登,12 人收藏
奥利弗·H·P·加勒特,13 人收藏
乔治·里弗斯,12 人收藏
维克多·弗莱明,1411 人收藏
艾瑞克·林登,2 人收藏
李濬益,2076 人收藏
奥斯卡·波尔克,5 人收藏
金智慧,52 人收藏
西德尼·霍华德,31 人收藏
安·卢瑟福德,99 人收藏
克拉克·盖博,12397 人收藏
李来,2424 人收藏
兰德·布鲁克斯,11 人收藏
海蒂·麦克丹尼尔斯,172 人收藏
杨真诚,330 人收藏
莱斯利·霍华德,542 人收藏
卡米·金·肯伦,9 人收藏
霍华德·C·希克曼,4 人收藏
权泰元,14 人收藏
艾丽·道克特,3 人收藏
乔丹·长井,23 人收藏
巴特弗莱·麦昆,12 人收藏
劳拉·霍普·克鲁斯,12 人收藏
埃迪·安德森,4 人收藏
伊夫林·凯耶斯,233 人收藏
严志媛,1158 人收藏
施热亚·简,7 人收藏
阿帕尔夏克提·库拉那,111 人收藏
欧娜·满森,25 人收藏
杰里米·利里,4 人收藏
艾丽西亚·瑞特,23 人收藏
沃德·邦德,41 人收藏
克里斯托弗·普卢默,3772 人收藏
伊莎贝尔·朱尔,36 人收藏
哈立德·穆扎纳,6 人收藏
曹重勋,8 人收藏
娜丁·拉巴基,4852 人收藏
比于什·古普塔,9 人收藏
金相浩,668 人收藏
哈里·达文波特,8 人收藏
海塔·塞德拉·伊扎姆,248 人收藏
薛景求,7769 人收藏
文牧野,6696 人收藏
沙克希·坦沃,46 人收藏
J·M·克里根,4 人收藏
杰罗姆·兰福特,2 人收藏
吉里什·库卡尼,10 人收藏
鲍勃·彼德森,79 人收藏
赞恩·阿尔·拉菲亚,4198 人收藏
爱德华·阿斯纳,112 人收藏
王砚辉,4972 人收藏
金海淑,1334 人收藏
谭卓,23503 人收藏
莉莲·肯布尔-库珀,8 人收藏
法迪·尤瑟夫,18 人收藏
法缇玛·萨那·纱卡,1881 人收藏
韩家女,322 人收藏
张海艳,29 人收藏
涅提·蒂瓦里,390 人收藏
米歇尔·凯斯沃尼,4 人收藏
苇青,300 人收藏
保罗·赫斯特,5 人收藏
丹尼·曼恩,1 人收藏
周一围,8606 人收藏
罗美兰,1917 人收藏
里特维克·萨霍里,80 人收藏
贾晨飞,204 人收藏
埃利亚斯·库利,3 人收藏
塞伊拉·沃西,695 人收藏
岳小军,328 人收藏
金成旭,4 人收藏
约翰·菲德勒,53 人收藏
德尔罗伊·林多,128 人收藏
卡萨尔·艾尔·哈达德,21 人收藏
朱耕佑,54 人收藏
约丹诺斯·希费罗,81 人收藏
黛安娜·温恩·琼斯,7 人收藏
汤姆·麦卡锡,991 人收藏
杨新鸣,1280 人收藏
马丁·鲍尔萨姆,259 人收藏
尼基尔·麦罗特拉,5 人收藏
杰克·瓦尔登,70 人收藏
王传君,6377 人收藏
大卫·卡耶,9 人收藏
乔什·库雷,188 人收藏
吉哈德·霍加里,4 人收藏
扬·马特尔,279 人收藏
钟伟,109 人收藏
苏哈妮·巴特纳格尔,131 人收藏
巴拉特·巴蒂,9 人收藏
桑亚·玛荷塔,1140 人收藏
阿拉·乔什涅,6 人收藏
穆德·阿巴斯·卡勒里,4 人收藏
博鲁瓦蒂夫·特雷杰·班科尔,501 人收藏
罗伯特·韦伯,95 人收藏
乔治斯·哈巴兹,5 人收藏
章宇,18094 人收藏
姜文,88898 人收藏
李乃文,1697 人收藏
徐峥,18015 人收藏
努尔·艾尔·侯赛尼,6 人收藏
龚蓓苾,2960 人收藏
李安,82443 人收藏
李海滨,745 人收藏
富冠铭,37 人收藏
伊崎充则,21 人收藏
大塚明夫,291 人收藏
亨利·方达,4248 人收藏
宁浩,20587 人收藏
王佳佳,817 人收藏
阿彦·汗,4 人收藏
西德尼·吕美特,8932 人收藏
克里斯托弗·沃肯,9590 人收藏
黄健玮,417 人收藏
泽田谦也,293 人收藏
克里斯·埃里斯,7 人收藏
杰夫·内桑森,61 人收藏
槐柳二,8 人收藏
弗兰克·约翰·休斯,124 人收藏
倍赏千惠子,1792 人收藏
普佩拉·玛奇奥,32 人收藏
大卫·麦基,33 人收藏
安原义人,8 人收藏
纳撒尼尔·利斯,12 人收藏
维比什·希瓦库玛,6 人收藏
LucasHayward,1 人收藏
加布里埃尔·安瓦尔,5180 人收藏
史建全,151 人收藏
里奥·故罗塔,22 人收藏
蔡卫东,8 人收藏
吉恩·坎菲尔德,3 人收藏
卡卢姆·吉廷斯,5 人收藏
马丁·辛,1803 人收藏
JonathanHarding,1007 人收藏
田中真弓,499 人收藏
瓦娜·波利,5 人收藏
詹姆斯·瑞布霍恩,373 人收藏
弗兰克·芬莱,40 人收藏
阿格妮丝·那诺,812 人收藏
马特·史密斯,2786 人收藏
埃迪·艾伯特,69 人收藏
罗宾·马尔科姆,14 人收藏
丹·汉纳,16 人收藏
穆琳·利普曼,29 人收藏
郭俊立,168 人收藏
格利高里·派克,9970 人收藏
菲利普·塞默·霍夫曼,8352 人收藏
姚橹,1393 人收藏
朱苏进,289 人收藏
弗兰西丝·康罗伊,1356 人收藏
杨奇雨,41 人收藏
廖凡,18055 人收藏
茱莉亚·蕾娜,7 人收藏
莉莲·奈福,8 人收藏
哈特利·鲍尔,12 人收藏
迈克尔·克兰茨,5 人收藏
胡明,462 人收藏
危笑,945 人收藏
伊莎贝尔·奥特曼,3824 人收藏
大卫·韦瑟莱,2 人收藏
邵兵,1145 人收藏
基努·里维斯,59079 人收藏
杰拉·哈斯,154 人收藏
赵铭,1829 人收藏
罗伯特·泰勒,2604 人收藏
卡梅隆·罗德,3 人收藏
珍妮特·利,1233 人收藏
彼得·杰克林,3 人收藏
乔纳森·哈根森,23 人收藏
拉娜·沃卓斯基,7231 人收藏
劳拉·帕克,8 人收藏
约瑟夫·斯蒂凡诺,13 人收藏
袁满,89 人收藏
威廉·约翰逊,4 人收藏
安东尼雷派克,5 人收藏
劳伦斯·菲什伯恩,3412 人收藏
李克弱,62 人收藏
阿达·尼科德莫,30 人收藏
宋康昊,38401 人收藏
富润生,31 人收藏
车光洙,8 人收藏
吴达洙,4317 人收藏
沈熙燮,85 人收藏
加斯通·莫辛,15 人收藏
布鲁诺·柯比,70 人收藏
约翰·阿普雷亚,5 人收藏
MariaCarta,1 人收藏
EzioFlagello,1 人收藏
TeresaTirelli,1 人收藏
罗曼·科波拉,242 人收藏
LauraLyons,1282 人收藏
伊桑·霍克,41436 人收藏
约翰·梅根纳,17 人收藏
乔·奥菲耶里,6 人收藏
盖尔·汉森,267 人收藏
凯瑟·斯内德,2 人收藏
杰瑞米·艾恩斯,23147 人收藏
布莱恩·库瑞,12 人收藏
乔恩·索特兰,4 人收藏
马丁·巴特斯·布拉德福德,6 人收藏
杰米·肯尼迪,71 人收藏
大卫·芬奇,91524 人收藏
莫伊拉·凯利,457 人收藏
里奇蒙德·阿奎特,13 人收藏
琳达·卡德里尼,4081 人收藏
赵文瑄,7728 人收藏
左正芬,2 人收藏
安东尼·曼加诺,9 人收藏
亚当·戈德堡,538 人收藏
吉姆·乌尔斯,34 人收藏
王蕙玲,1136 人收藏
卡拉·奥奇格罗索,1 人收藏
迈克尔·菲奥里,1 人收藏
陈捷文,22 人收藏
聂卓晶,2 人收藏
罗宾·史威考德,70 人收藏
安东尼·拉普,143 人收藏
丹尼·文森,3 人收藏
迈克尔·阿伯特,18 人收藏
埃文·哈特,2 人收藏
朱莉娅·奥蒙德,3744 人收藏
沃克马·克莱纳特,3 人收藏
菲奥娜·黑尔,2 人收藏
路德韦格·布洛克伯格,10 人收藏
伊利亚·沃里克,5 人收藏
酒井美纪,6599 人收藏
中村久美,221 人收藏
查理·哈纳,11 人收藏
马克·赫尔曼,273 人收藏
吉塔·施维赫夫,8 人收藏
范文雀,124 人收藏
长田江身子,58 人收藏
阿萨·巴特菲尔德,28965 人收藏
谢拉·汉考克,32 人收藏
奥索利亚·茱莉娅·帕普,1 人收藏
贝拉·费斯彼姆,3 人收藏
朱塞佩·苏尔法罗,500 人收藏
奥罗拉·夸特罗基,12 人收藏
德克斯特·弗莱彻,1274 人收藏
巴巴拉·莱涅,1899 人收藏
BretA.Arnold,0 人收藏
赵文卓,3975 人收藏
诺玛·威登,28 人收藏
丹·卡斯泰兰尼塔,87 人收藏
伊安·沃尔夫,23 人收藏
简·达威尔,63 人收藏
艾伦·伯斯汀,1449 人收藏
爱德华·宾斯,33 人收藏
基斯·斯扎拉巴基克,23 人收藏
李·科布,238 人收藏
柯特·富勒,85 人收藏
约瑟夫·史威尼,40 人收藏
喜利图,17 人收藏
雷金纳德·罗斯,202 人收藏
木村拓哉,35304 人收藏
维克托·乔里,15 人收藏
E.G.马绍尔,56 人收藏
伊尔凡·可汗,1855 人收藏
阿尤什·坦东,53 人收藏
都筑香弥子,4 人收藏
加藤治子,54 人收藏
拉菲·斯波,1078 人收藏
沙拉万提·塞纳特,12 人收藏
美轮明宏,977 人收藏
俊·奈托,12 人收藏
原田大二郎,11 人收藏
尤凤伟,21 人收藏
陈莲梅,24 人收藏
詹姆斯·塞托,47 人收藏
加塔姆·贝鲁尔,7 人收藏
王柏杰,3029 人收藏
丛志军,144 人收藏
纳塔莉·贝伊,770 人收藏
姜宏波,1520 人收藏
香川照之,18677 人收藏
詹妮弗·加纳,6943 人收藏
石山雄大,9 人收藏
陈强,528 人收藏
苏拉·沙玛,1148 人收藏
艾米·亚当斯,30992 人收藏
吴承恩,589 人收藏
神山卓三,3 人收藏
塔布,4300 人收藏
阿迪勒·侯赛因,66 人收藏
热拉尔·德帕迪约,5175 人收藏
常田富士男,22 人收藏
横泽启子,25 人收藏
安德里亚·迪·斯戴法诺,26 人收藏
袁丁,2789 人收藏
尼诺·戴罗佐,12 人收藏
柯一正,415 人收藏
艾萨·丹尼埃利,26 人收藏
述平,1158 人收藏
初井言荣,27 人收藏
永井一郎,42 人收藏
李丛喜,116 人收藏
詹姆斯·布洛林,152 人收藏
江约诚,151 人收藏
SeanButton,0 人收藏
莱奥波多·特里耶斯泰,53 人收藏
西奥沙福瓦,3 人收藏
宫路佳具,26 人收藏
伊丽莎白·班克斯,4827 人收藏
斯蒂芬·辛克莱,7 人收藏
乔瓦尼·阿尔皮诺,12 人收藏
安东内拉·阿蒂利,300 人收藏
梶冈润一,20 人收藏
菲利普·努瓦雷,884 人收藏
塔诺·希玛罗萨,14 人收藏
艾伦·旁派,1850 人收藏
寺田农,65 人收藏
糸博,8 人收藏
奥利维亚·田內,33 人收藏
玛丽娜·朱迪切,8 人收藏
罗德尼·库克,3 人收藏
罗纳德·哈伍德,112 人收藏
罗伯塔·蕾娜,11 人收藏
马克·莱昂纳蒂,555 人收藏
马丁·布莱斯特,1154 人收藏
本·弗兰舍姆,5 人收藏
SamKelly,30 人收藏
布莱德利·惠特福德,384 人收藏
比阿特丽斯·帕姆,7 人收藏
克里斯·奥唐纳,3079 人收藏
恩佐·卡拉瓦勒,177 人收藏
卡尔洛斯·德林克沃特,2 人收藏
罗谢尔·奥利弗,2 人收藏
南希·利内翰,25685人浏览 · 1篇文章
NicholasSadler,314 人收藏
BenBritton,2 人收藏
伊安·麦克莱伦·亨特,9 人收藏
萨瓦特利·卡西欧,493 人收藏
艾德里安·布洛迪,70732 人收藏
托德·路易斯,22 人收藏
保罗·霍姆斯,1 人收藏
博·古德曼,103 人收藏
理查德·赖丁斯,10 人收藏
李不空,36 人收藏
艾米莉娅·福克斯,2870 人收藏
布丽吉特·佛西,379 人收藏
威廉·惠勒,3607 人收藏
米哈乌·热布罗夫斯基,122 人收藏
马珂,63 人收藏
罗曼·波兰斯基,38336 人收藏
约翰·戴顿,7 人收藏
杰森霍德,2 人收藏
安娜·申茨,47 人收藏
哈考特·威廉姆斯,10 人收藏
埃德·斯托帕德,317 人收藏
马识途,238 人收藏
玛格丽特·罗林斯,10 人收藏
杰西卡·凯特·梅耶尔,7 人收藏
克劳迪奥·埃尔梅利,1 人收藏
刘嘉玲,7642 人收藏
白冰,5460 人收藏
达尔顿·特朗勃,466 人收藏
托里奥·卡米纳提,4 人收藏
托马斯·克莱舒曼,4760 人收藏
陈坤,29572 人收藏
汉娜洛蕾·赫格,29 人收藏
李静,348 人收藏
阿兰·葛斯彭纳,321 人收藏
奥黛丽·赫本,40627 人收藏
保拉·布鲁布尼,18 人收藏
张默,817 人收藏
克里斯托夫·高格勒,3 人收藏
苗圃,1351 人收藏
保罗·卡利尼,1 人收藏
里佐·弗雷多里佐,5 人收藏
莫妮卡·古布瑟,5 人收藏
阿瑟·比勒,4 人收藏
艾伦·李,60 人收藏
冯小刚,16751 人收藏
周润发,20531 人收藏
胡军,6332 人收藏
阿努克·斯特芬,3150 人收藏
周韵,12574 人收藏
伊恩·穆内,5 人收藏
彼得·麦肯齐,3 人收藏
约翰娜·施皮里,22 人收藏
昆林·艾格匹,65 人收藏
梅根·爱德华兹,46 人收藏
布鲁诺·冈茨,4628 人收藏
杜奕衡,285 人收藏
塔玛拉·布朗,3 人收藏
佩特拉·比翁迪娜·沃尔普,12 人收藏
卡塔琳娜·舒特勒,1799 人收藏
玛丽埃塔·耶米,4 人收藏
丽贝卡·因德穆,4 人收藏
莉莉·沃卓斯基,7431 人收藏
诺曼·凯茨,3 人收藏
伊丽莎白·穆迪,10 人收藏
马克西姆·梅米特,58 人收藏
马库斯·赫林,6 人收藏
格洛丽亚·福斯特,61 人收藏
马克·弗格森,5 人收藏
纳塔莉·特珍,2 人收藏
李梓,152 人收藏
马库斯·钟,36 人收藏
凯瑞-安·莫斯,7338 人收藏
克里斯·斯科特,16258 人收藏
乔·潘托里亚诺,237 人收藏
马特·多兰,31 人收藏
兰德尔·威廉·库克,4 人收藏
萨比恩·克洛森,95 人收藏
刘广宁,56 人收藏
彼得·洛迈尔,26 人收藏
尹贤浩,18 人收藏
李杭娜,19 人收藏
罗温·维特,10 人收藏
贝琳达·麦克洛里,32 人收藏
比尔·扬,4 人收藏
李星民,2525 人收藏
布莱恩·瑟金特,2 人收藏
赵莞基,9 人收藏
万籁鸣,1307 人收藏
毕克,207 人收藏
纳许·埃哲顿,57 人收藏
杨宇硕,981 人收藏
于鼎,23 人收藏
朱利安·阿拉汗加,11 人收藏
韩基重,8 人收藏
金英爱,219 人收藏
摩甘娜金,14 人收藏
郭度沅,2812 人收藏
尚华,59 人收藏
汤姆·罗斯奎,5 人收藏
宋永彰,141 人收藏
弗兰克·西维罗,10 人收藏
李姃垠,348 人收藏
邱岳峰,381 人收藏
弗朗西丝卡·德·萨维奥,7 人收藏
罗伯特·德尼罗,55291 人收藏
赵敏基,36 人收藏
哈利·戴恩·斯坦通,920 人收藏
郑元中,51 人收藏
约瑟夫·德拉·索尔特,4 人收藏
任时完,8748 人收藏
汤姆·达尔格伦,1 人收藏
威廉·鲍尔斯,1 人收藏
多米尼克·查尼斯,27 人收藏
迈克尔·V·格佐,26 人收藏
李·斯特拉斯伯格,262 人收藏
伊凡·科尔,9 人收藏
乔·罗·格里普,1 人收藏
G?D?斯普拉德林,16 人收藏
卡明·卡里迪,4 人收藏
理查德·布赖特,42 人收藏
罗伯特·肖恩·莱纳德,3002 人收藏
AmerigoTot,1 人收藏
PhilFeldman,1 人收藏
ItaliaCoppola,2024 人收藏
凯文·库尼,8 人收藏
理查德·麦瑟森,69 人收藏
乔·斯皮内尔,8 人收藏
阿勒隆·鲁杰罗,16 人收藏
AlRoberts,3 人收藏
凯瑟琳·贝勒,60 人收藏
小杉正一,9 人收藏
罗伯·明可夫,167 人收藏
特洛伊·多纳胡,17 人收藏
TitoAlba,1 人收藏
卡门·阿尔根齐亚诺,24865人浏览 · 2篇文章
加里·库尔茨,3 人收藏
索菲亚·科波拉,11168 人收藏
迪伦·库斯曼,17 人收藏
乔西·查尔斯,4081 人收藏
梅洛拉·沃尔特斯,754 人收藏
艾丽卡·约恩,5 人收藏
GeorgeHolmes,3 人收藏
拉腊·弗林·鲍尔,1454 人收藏
HankRobinson,1 人收藏
HarrisonRessler,1 人收藏
琳达·伍尔芙顿,33 人收藏
诺曼·劳埃德,48 人收藏
亚历桑德拉·鲍尔斯,93 人收藏
汤姆·舒尔曼,60 人收藏
朱莉·格雷格,86 人收藏
艾琳·梅琪,12 人收藏
彼得·多纳特,6 人收藏
玛姬·尼克松,20 人收藏
利昂·波纳尔,9 人收藏
柯特伍德·史密斯,57 人收藏
詹姆斯·沃特斯顿,36 人收藏
乔纳森·罗伯特,11 人收藏
罗温·艾金森,12800 人收藏
尼克·瓦莱隆加,21 人收藏
FilomenaSpagnuolo,3 人收藏
约翰·库宁汉姆,7 人收藏
彼得·法雷里,567 人收藏
帕梅拉·伯勒尔,2 人收藏
霍纳斯·斯蒂克洛瑞斯,2 人收藏
BuckHoughton,2 人收藏
格拉伦·布莱恩特·班克斯,5 人收藏
卡拉·贝尔韦尔,8 人收藏
保罗·斯隆,9 人收藏
冯·刘易斯,11 人收藏
乔纳森·泰勒·托马斯,41 人收藏
马修·布罗德里克,2499 人收藏
尼基塔·卡兰姆,8 人收藏
迪布拉·穆尼,16 人收藏
爱德华·诺顿,62680 人收藏
罗宾·威廉姆斯,20684 人收藏
马赫沙拉·阿里,8774 人收藏
塞巴斯蒂安·马尼斯科,41 人收藏
杨贵媚,1545 人收藏
珍娜·劳伦索,41 人收藏
P·J·伯恩,34 人收藏
汤姆·维图,10 人收藏
马特·凯里,6 人收藏
库尔特·莱特纳,3 人收藏
丹尼斯·W·霍尔,5 人收藏
肯尼斯·以色列,10 人收藏
布拉德·皮特,83612 人收藏
罗杰·阿勒斯,120 人收藏
杜满生,7 人收藏
迈克·切罗内,8 人收藏
扎克·格雷尼尔,222 人收藏
吉姆·克洛克,8 人收藏
戴恩·罗兹,7 人收藏
内森·连恩,286 人收藏
吴倩莲,13369 人收藏
保罗·贝坦尼,8386 人收藏
夏恩·帕特洛,5 人收藏
米特·洛夫,53 人收藏
张艾嘉,15844 人收藏
托尼亚·马尔多纳多,12 人收藏
杰瑞德·莱托,27729 人收藏
海伦娜·伯翰·卡特,40424 人收藏
迪米特·D·马里诺夫,21 人收藏
许敬民,2 人收藏
埃林·萨贝拉,12 人收藏
迈克·哈顿,8 人收藏
归亚蕾,2813 人收藏
谢丽尔·霍华德,4 人收藏
王玨,54 人收藏
詹姆斯·夏慕斯,744 人收藏
贾德·赫希,153 人收藏
陈昭荣,1445 人收藏
王渝文,751 人收藏
丁仲,3 人收藏
洪其德,4 人收藏
伊克博·塞巴,22 人收藏
大卫·安,196 人收藏
乔·柯蒂斯,11 人收藏
乔什·卢卡斯,1881 人收藏
乔什·帕斯,27 人收藏
雷吉·奥斯汀,8 人收藏
朗·霍华德,4631 人收藏
陈妤,893 人收藏
罗素·克劳,26616 人收藏
乔恩·迈克尔·戴维斯,6 人收藏
兰斯·霍华德,19 人收藏
丹·陈,7739 人收藏
凯德·比特纳,1 人收藏
薇薇·卡登尼,69 人收藏
布赖恩·斯特帕尼克,13 人收藏
杰拉尔丁·辛格,14 人收藏
多里·曼佐尔,1 人收藏
米尔斯·彼埃尔,1 人收藏
贾森·加里-斯坦福德,23 人收藏
奥斯汀·潘德尔顿,14 人收藏
蒂格尔·F·伯格里,1 人收藏
乔治·马奎尔,6 人收藏
艾恩·贝利,318 人收藏
恰克·帕拉尼克,808 人收藏
蒂尔达·斯文顿,36855 人收藏
罗伯特·迈尔斯,4 人收藏
坦娅·克拉克,20 人收藏
法布里奇奥·范特,4 人收藏
唐语谦,8 人收藏
卢金城,26 人收藏
瓦伦蒂娜·卡迪纳利,1 人收藏
郎雄,4886 人收藏
麦迪逊·贝蒂,88 人收藏
小艾德.朱普,1 人收藏
艾丽·范宁,18969 人收藏
简·詹金斯,5 人收藏
西尔维娅·纳萨尔,11 人收藏
F·司各特·菲茨杰拉德,902 人收藏
塔拉吉·P·汉森,1789 人收藏
汤姆·埃沃雷特,9 人收藏
阿齐瓦·高斯曼,108 人收藏
王瑞,1811 人收藏
维克多·斯坦巴赫,1 人收藏
杰森·霍顿,1 人收藏
乔纳·福尔肯,35 人收藏
弗洛里安·亨克尔·冯·多纳斯马尔克,2240 人收藏
赫伯特·克瑙普,56 人收藏
詹妮弗·康纳利,64524 人收藏
杰森·弗莱明,2532 人收藏
理查·布莱恩特,1 人收藏
艾米·瓦尔兹,28 人收藏
马提亚斯·布伦纳,2 人收藏
吉莉·西蒙,8 人收藏
玛丽·格鲁伯,15 人收藏
肖恩·里德,1 人收藏
罗伊·辛尼斯,5 人收藏
塞斯·盖贝尔,228 人收藏
里德·彭尼,1 人收藏
菲利斯·萨莫维尔,55 人收藏
凯·伊沃·保利兹,7 人收藏
伊嘉·比肯费尔德,11 人收藏
岩井俊二,44612 人收藏
迈克尔·埃斯佩尔,29 人收藏
唐娜·杜普兰提尔,11 人收藏
托马斯·蒂梅,54 人收藏
乔安娜·塞勒,4 人收藏
加贺麻理子,1238 人收藏
兰斯·E·尼克尔斯,12 人收藏
乌尔里希·穆埃,4211 人收藏
盐见三省,139 人收藏
斯科特·费恩斯特罗姆,1 人收藏
伊莱亚斯·科泰斯,185 人收藏
斯特里奥·萨万特,27 人收藏
马蒂娜·格德克,1793 人收藏
维拉·法米加,24953 人收藏
克里斯托弗·马克斯韦尔,1 人收藏
迈克尔·格伯,3 人收藏
德井优,56 人收藏
芳妮·A·钱勃丝,29 人收藏
维尔纳·德恩,18 人收藏
布莱丝·达拉斯·霍华德,6885 人收藏
克莱·卡伦,3 人收藏
光石研,1076 人收藏
大卫·海曼,85 人收藏
铃木庆一,116 人收藏
马丁·布拉姆马赫,6 人收藏
巴斯蒂安·特罗斯特,11 人收藏
伊凡·弗雷贝利,1 人收藏
中山美穗,14122 人收藏
武藤寿美,32 人收藏
特德·曼森,2 人收藏
大卫·詹森,15 人收藏
山口诗史,8 人收藏
维尼·琼斯,2136 人收藏
丰川悦司,2151 人收藏
杰森·斯坦森,41082 人收藏
梅田凡乃,5 人收藏
阿提拉·埃杰德,1 人收藏
乌尔里希·图库尔,261 人收藏
GilbertoIdonea,20064人浏览 · 3篇文章
大卫·休里斯,4394 人收藏
斯蒂文·麦金托什,512 人收藏
卡拉·霍根,53 人收藏
奥里奥尔·保罗,11162 人收藏
塞巴斯蒂安·科赫,2401 人收藏
盖·里奇,39202 人收藏
杰瑞德·哈里斯,2079 人收藏
AngeloPellegrino,20064人浏览 · 3篇文章
辛纳克·勋纳曼,18 人收藏
克劳斯·芒斯特,2 人收藏
PietroNotarianni,1 人收藏
布兰卡·马丁内斯,7 人收藏
何塞·科罗纳多,233 人收藏
马里奥·卡萨斯,4220 人收藏
安东内洛·普利西,4 人收藏
铃木兰兰,633 人收藏
吉姆·诺顿,27 人收藏
篠原胜之,31 人收藏
吉奥瓦尼·瑞比西,2359 人收藏
鲍比·冈萨雷斯,5 人收藏
圣·耶拉莫斯,81 人收藏
汉斯-尤韦·鲍尔,7 人收藏
佩雷·布拉索,7 人收藏
托马斯·阿诺德,8 人收藏
卢恰诺·温琴佐尼,90 人收藏
希尔德加德·斯罗德,12 人收藏
巴里·佩珀,3540 人收藏
杰瑞米·戴维斯,292 人收藏
柏原崇,20858 人收藏
约翰·伯恩,7 人收藏
埃丽萨·莫鲁奇,598 人收藏
酒井敏也,15 人收藏
彼得·迈尔斯,2 人收藏
保罗·吉亚玛提,3039 人收藏
田口智朗,298 人收藏
鲁伯特·弗兰德,4542 人收藏
约翰·沙拉恩,6 人收藏
神户浩,26 人收藏
亚当·肖,2 人收藏
小栗香织,97 人收藏
安贝尔·比蒂,16 人收藏
斯汀,25269 人收藏
弗兰塞斯克·奥雷利亚,43 人收藏
拉斯洛·阿隆,4 人收藏
迪米特里·格里特萨斯,6 人收藏
克里·约翰逊,50 人收藏
山崎一,187 人收藏
马丁·哈伯,3 人收藏
玛蒂娜·乌尔塔多,9 人收藏
祖萨·霍尔,5 人收藏
米哈利·绍鲍多什,5 人收藏
泽索特·萨法尔·科夫卡,2 人收藏
恩里奇·雷德曼,4 人收藏
杰克·塞隆,382 人收藏
阿娜·瓦格纳,656 人收藏
玛蒂尔德·皮亚纳,26 人收藏
马修·夏普,2 人收藏
理查德·约翰逊,44 人收藏
布莱恩·科兰斯顿,11243 人收藏
霍尔迪·布鲁内特,5 人收藏
丹尼斯·法里纳,112 人收藏
LucianoFederico,20064人浏览 · 3篇文章
莫妮卡·贝鲁奇,61932 人收藏
埃里克·罗兰,2 人收藏
洛克兰·艾肯,2 人收藏
SalvatoreMartino,2 人收藏
罗伯特·怀斯,1004 人收藏
伊尼戈·加斯特西,59 人收藏
瓦尼·布拉马蒂,5 人收藏
瑞恩·赫斯特,71 人收藏
米歇尔·埃文斯,2 人收藏
查尔敏·卡尔,105 人收藏
尼克·莫兰,1296 人收藏
露琪亚·萨多,36 人收藏
爱德华·伯恩斯,944 人收藏
德里克·李,40 人收藏
大卫·塞尔瓦斯,22 人收藏
霍华德·林赛,2 人收藏
丹尼尔·特鲁希特,3 人收藏
特德·丹森,337 人收藏
哈里逊·杨,12 人收藏
GaetanoAronica,1 人收藏
丹尼尔·切尔奎拉,7 人收藏
埃琳诺·帕克,563 人收藏
帕科·图斯,28 人收藏
罗尔夫·萨克森,5 人收藏
NoamMorgensztern,4 人收藏
利奥达·理查德斯,2 人收藏
拉塞尔·克劳斯,3 人收藏
安德鲁·斯科特,15460 人收藏
汤姆·塞兹摩尔,386 人收藏
马内尔·杜维索,8 人收藏
尼古拉斯·哈蒙德,22 人收藏
杜安·蔡斯,4 人收藏
罗伯特·罗达特,48 人收藏
安娜·李,80 人收藏
罗非洛·迪格托勒,2 人收藏
范·迪塞尔,18511 人收藏
大卫·维格,2 人收藏
埃瓦德妮·贝克,5 人收藏
马妮·尼克松,7 人收藏
丹兰·布鲁诺,37 人收藏
史蒂夫·卡鲁瑟斯,2 人收藏
丹尼·德维托,668 人收藏
詹姆斯·恩布里,5 人收藏
史蒂夫·格里芬,4 人收藏
马克斯·马蒂尼,895 人收藏
诺尔曼·斯蒂凡斯,2 人收藏
伯纳德·赛尔,2 人收藏
莱尔德·曼辛托斯,6 人收藏
朱莉·安德鲁斯,3937 人收藏
肯·凯西,12 人收藏
尚恩·约翰逊,20 人收藏
文森特·沃尔什,11 人收藏
大卫·沃尔,5 人收藏
乔西普·艾利克,6 人收藏
基姆·卡拉思,22 人收藏
威尔·萨姆森,107 人收藏
利兰·奥瑟,109 人收藏
德罗斯·V·史密斯,4 人收藏
内森·菲利安,1289 人收藏
德怀特·马费尔德,3 人收藏
佐伊·索尔达娜,8211 人收藏
法拉赫阿米尔·哈什米安,185 人收藏
哈威·普雷斯内尔,15 人收藏
乔治·胡达勒克,2 人收藏
凯·李,2413 人收藏
迈克尔·刚本,2626 人收藏
米米·萨奇席恩,18 人收藏
弗兰克·贝克,2 人收藏
默罕默德·阿米尔·纳吉,111 人收藏
娜塔丽·特纳,674 人收藏
乔·大卫·摩尔,157 人收藏
米歇尔·罗德里格兹,10629 人收藏
劳伦斯·奥邦,14 人收藏
若昂·科斯塔·梅内塞斯,3 人收藏
凯思琳·拜荣,121 人收藏
马特·杰拉德,43 人收藏
多姆纳尔·格里森,11105 人收藏
希瑟·孟席斯-尤里克,15 人收藏
斯科特·格伦,446 人收藏
理查德·海顿,35 人收藏
克蕾曼丝·波西,4077 人收藏
迈克尔·贝里曼,159 人收藏
梁佩诗,1053 人收藏
恩斯特·莱赫曼,88 人收藏
大卫·布拉德利,475 人收藏
玛丽亚·冯·特拉普,2 人收藏
RichardO'Barry,11869人浏览 · 2篇文章
凯莉·麦克唐纳,6939 人收藏
波希娅·纳尔逊,7 人收藏
Mandy-RaeCruikshank,4 人收藏
泰德·塔里,38 人收藏
黛比·特纳,9 人收藏
菲利普·罗斯,1563 人收藏
吉尔克里斯特·斯图尔特,3 人收藏
卡斯·莱蒙斯,32 人收藏
安吉拉·卡特怀特,71 人收藏
萨曼塔·马霍林,49 人收藏
费雷什特·萨拉班迪,6 人收藏
达拉,9124 人收藏
MichaelIlliff,0 人收藏
拉兹·阿隆索,157 人收藏
弗兰基·费森,80 人收藏
冀朝理,53 人收藏
斯嘉丽·约翰逊,100998 人收藏
伊莎贝尔·卢卡斯,1509 人收藏
多丽丝·劳埃德,27 人收藏
马修·刘易斯,2227 人收藏
庹宗华,854 人收藏
罗恩·帕金斯,6 人收藏
格特鲁德·阿斯特,23 人收藏
达尔·瓦瑟曼,5 人收藏
吉姆·皮多克,7 人收藏
米洛斯·福尔曼,5159 人收藏
托马斯·哈里斯,336 人收藏
艾米莉·莫迪默,6805 人收藏
穆瓦科·卡姆布卡,3 人收藏
莱塔·卡罗格里迪斯,56 人收藏
托尼·雷沃罗利,991 人收藏
文森特·斯卡维利,37 人收藏
伯特史蒂文斯,2 人收藏
克里斯托弗·邓汉,79 人收藏
丹·巴特勒,31 人收藏
DougDeMaster,11869人浏览 · 2篇文章
蕾雅·赛杜,43985 人收藏
克里斯托弗·马利基,7 人收藏
汤姆·威尔金森,1070 人收藏
丽贝卡·豪尔,13125 人收藏
肖恩·安东尼·莫兰,3 人收藏
莱奥纳多·本韦努蒂,18 人收藏
吉姆·布劳德本特,1542 人收藏
伊丽莎白·麦戈文,6244 人收藏
杰米·哈里斯,20 人收藏
朱迪·福斯特,33022 人收藏
詹姆斯·海登,30 人收藏
米歇尔·威廉姆斯,16904 人收藏
路易莎·莫里茨,38 人收藏
路易·西霍尤斯,337 人收藏
罗伯特·哈珀,11 人收藏
巴哈丽·西迪奇,78 人收藏
斯蒂芬·茨威格,7445 人收藏
埃尔登·汉森,123 人收藏
CharlesHambleton,22 人收藏
杰西·詹姆斯,14 人收藏
纳菲丝·贾法-穆罕默迪,7 人收藏
埃里克·斯托尔兹,215 人收藏
F·默里·亚伯拉罕,535 人收藏
大卫·鲍伊,16943 人收藏
斯特兰·斯卡斯加德,4531 人收藏
艾莉森·福兰德,15 人收藏
詹姆斯·伍兹,1590 人收藏
瑞奇·杰,6 人收藏
韦斯·斯塔迪,180 人收藏
乌玛·瑟曼,30831 人收藏
希·庞德,3380人浏览 · 0篇文章
海伦·麦克洛瑞,1340 人收藏
布罗娜·加拉赫,35 人收藏
理查德·弗让吉,7 人收藏
乔治·普林普顿,2 人收藏
乔纳森·戴米,2344 人收藏
凯文·G·施密特,61 人收藏
弗兰克·威利,231 人收藏
詹森·艾萨克,2530 人收藏
派翠西娅·克拉克森,6721 人收藏
本·阿弗莱克,41755 人收藏
格利高里·戴顿,14 人收藏
塞伦·希德,954 人收藏
威廉·达福,10266 人收藏
塞西尔·雷诺兹,2 人收藏
吉米·弗林,2 人收藏
杰夫·高布伦,2118 人收藏
切斯特·康克林,19 人收藏
布鲁斯·威利斯,22676 人收藏
泰德·拉文,90 人收藏
乔·佩西,4288 人收藏
张震,60710 人收藏
IanCampbell,3970 人收藏
弗雷德·马拉泰斯塔,3 人收藏
埃里克·布雷斯,356 人收藏
克里斯托弗·普瑞丝特,14 人收藏
PaulWatson,3 人收藏
罗根·勒曼,6541 人收藏
休·杰克曼,35678 人收藏
马克·瑞安,19 人收藏
马克·鲁弗洛,14924 人收藏
明妮·德里弗,613 人收藏
弗朗切斯科·克莱门特,10 人收藏
罗杰·里斯,44 人收藏
韦斯·安德森,64121 人收藏
劳埃德·英格拉哈姆,8 人收藏
张国柱,1061 人收藏
原田知世,1838 人收藏
布鲁斯·米切尔,2 人收藏
马克斯·冯·叙多夫,2275 人收藏
布莱恩·泰里·亨利,144 人收藏
布尔·斯蒂尔斯,53 人收藏
詹森·舒瓦兹曼,2024 人收藏
格温妮斯·帕特洛,21517 人收藏
博比·巴伯,2 人收藏
雨果·吉尼斯,39 人收藏
查理·卓别林,21083 人收藏
张柏芝,13274 人收藏
拉斯·鲍威尔,2 人收藏
恩里科·梅迪欧力,17 人收藏
阿曼达·皮特,2644 人收藏
马修·阿马立克,2915 人收藏
达兰妮·弗鲁格,496 人收藏
巴迪·梅辛杰,2 人收藏
曾瑾昌,170 人收藏
霍尔姆斯·奥斯本,35 人收藏
米拉·麦金尼,2 人收藏
凯文·史派西,39530 人收藏
约翰·帕特里克·阿梅多利,74 人收藏
弗兰科·费里尼,19 人收藏
李思捷,604 人收藏
梁嘉杰,0 人收藏
宋在浩,308 人收藏
杰克·布塞,85 人收藏
拉里·拉普,6 人收藏
申贤宗,6 人收藏
艾琳·戈洛瓦娅,126 人收藏
奉俊昊,47298 人收藏
凯文·杜兰,929 人收藏
雷·利奥塔,2059 人收藏
市川实日子,7808 人收藏
朴海日,1330 人收藏
格斯·范·桑特,10567 人收藏
史蒂文·科兹洛夫斯基,3 人收藏
布莱特·罗尔,13 人收藏
朴泰京,6 人收藏
塞缪尔·杰克逊,20310 人收藏
柴崎幸,10754 人收藏
片平渚,151 人收藏
弗兰克·莫兰,3 人收藏
斯科特·威廉姆·文特斯,28 人收藏
玛丽亚·德·梅黛洛,9335 人收藏
金雷夏,61 人收藏
元华,2211 人收藏
谷中敦,55 人收藏
刘承睦,50 人收藏
林雪,5798 人收藏
约翰·卡西尼,6 人收藏
赵志凌,172 人收藏
永山瑛太,25734 人收藏
任珈锐,441 人收藏
林子善,369 人收藏
武田真治,1154 人收藏
斯图尔特·贝亚蒂耶,41 人收藏
约翰·浩克斯,869 人收藏
杰克·达文波特,7592 人收藏
王家卫,79258 人收藏
卡尔·隆德,143 人收藏
元秋,535 人收藏
蒂姆·布雷克·尼尔森,519 人收藏
阿尔·欧内斯特·加西亚,11 人收藏
张一白,2066 人收藏
大卫·豪森,2 人收藏
特德·奥利弗,2 人收藏
诺曼·安斯利,2 人收藏
布雷南·布朗,51 人收藏
特里·鲁西奥,60 人收藏
帕特里夏·雷,5 人收藏
爱德华·金博尔,2 人收藏
杰克·洛,8157 人收藏
托尼·凯耶,4360 人收藏
边希峰,220 人收藏
山寺宏一,938 人收藏
筒井康隆,612 人收藏
小伊塞亚·维特洛克,40 人收藏
李在应,24 人收藏
安德鲁·凯文·沃克,161 人收藏
三户耕三,4 人收藏
川濑晶子,10 人收藏
冯勉恒,206 人收藏
安妮卡·韦德科普,77 人收藏
道格·伊·道格,3 人收藏
伊势谷友介,3539 人收藏
约翰·库萨克,16050 人收藏
古谷彻,171 人收藏
迈克尔·斯图巴,1633 人收藏
亚历山德拉·拉帕波特,49 人收藏
安东尼奥·里莫尔迪,3 人收藏
宫藤官九郎,13008 人收藏
卡罗琳·汤普森,82 人收藏
郑文辉,59 人收藏
宫下荣治,5 人收藏
康查塔·费雷尔,133 人收藏
马特·莱斯切尔,91 人收藏
艾伦·阿金,1889 人收藏
StuartLancaster,5 人收藏
黄圣依,3439 人收藏
金相庆,2510 人收藏
迈克尔·库尼,52 人收藏
拉斯·兰特,30 人收藏
葛素媛,1410 人收藏
PeterPalmer,0 人收藏
莱拉·肯泽尔,8 人收藏
黛安娜·奥撒纳,8 人收藏
沈成宝,59 人收藏
徐永嬅,105 人收藏
皮特·麦克罗比,21 人收藏
山田宗树,209 人收藏
梁荣忠,315 人收藏
奥之矢佳奈,228 人收藏
奥黛丽·塔图,24010 人收藏
陈文强,116 人收藏
释彦能,686 人收藏
阿尔蒂斯·德·彭居埃恩,56 人收藏
戈尔·维宾斯基,1611 人收藏
弗洛拉·吉耶,15 人收藏
阿方索·卡隆,13265 人收藏
彼得·安东尼·唐伯蒂斯,2 人收藏
萨米·盖尔,3644 人收藏
山崎努,1138 人收藏
詹姆斯·霍西,3 人收藏
朱莉·德尔佩,30441 人收藏
彼得·艾利·休默,3 人收藏
江守彻,79 人收藏
渡边哲,144 人收藏
克里斯蒂安·库尔森,892 人收藏
福松进纱,5 人收藏
陈以文,1870 人收藏
苏西·沃德,12 人收藏
桥本爱,24092 人收藏
艾斯特·加瑞尔,1314 人收藏
艾丹·吉伦,4899 人收藏
黛安·韦斯特,1098 人收藏
王学圻,3328 人收藏
刘斌,300 人收藏
陈伟,9381 人收藏
约翰·戴维森,4 人收藏
兼子二郎,5 人收藏
唐娜·派洛尼,5 人收藏
T·J·米勒,838 人收藏
金正泰,101 人收藏
约翰·李·汉考克,362 人收藏
凯瑟琳·麦克马克,652 人收藏
江原由希子,1427 人收藏
保罗·罗梅罗,2 人收藏
基根·麦金托什,12 人收藏
斯科特·迈克尔·坎贝尔,17 人收藏
道格拉斯·伍德,3 人收藏
平泉成,191 人收藏
雪拉·渥德,386 人收藏
丹尼·弗拉,2 人收藏
胡大为,135 人收藏
藤原龙也,5403 人收藏
近藤喜文,1131 人收藏
萨沙·杰瓦西,58 人收藏
里尼·贝尔,17 人收藏
肯尼斯·崔,187 人收藏
埃莱娜·卡多纳,135 人收藏
AmberHavens,1 人收藏
内山昂辉,1220 人收藏
杰拉德·巴特勒,10470 人收藏
大卫·田纳特,12054 人收藏
维尔·梅里克,15 人收藏
安部春香,226 人收藏
理查德·E·格兰特,623 人收藏
贝塔尼·维特莫尔,74 人收藏
瑞特·里斯,17 人收藏
杰克·安杰尔,9 人收藏
罗伯特·吉尔劳姆,16 人收藏
理查德·文彻,3 人收藏
玛丽亚娜·希尔,61 人收藏
菲伊·斯潘,32 人收藏
杰克·克卢格曼,58 人收藏
乔治·沃斯科维奇,25 人收藏
唐·斯达克,12 人收藏
埃德·贝格利,40 人收藏
杰克·尼科尔森,22892 人收藏
罗杰·科曼,1189 人收藏
约翰·德·兰西,20 人收藏
马克·施泰因迈尔,2 人收藏
克里斯托弗·洛伊德,1345 人收藏
乌比·戈德堡,1506 人收藏
马基德·马基迪,4551 人收藏
詹姆斯·厄尔·琼斯,287 人收藏
代尔·戴,14 人收藏
杰弗里·塞尔,5 人收藏
特德·马克兰德,14 人收藏
斯加特曼·克罗索斯,61 人收藏
佩吉·伍德,23 人收藏
崔西·沃特,13 人收藏
多罗西·吉金斯,5 人收藏
山姆·哈里斯,9 人收藏
路易丝·弗莱彻,380 人收藏
大卫·叶茨,1228 人收藏
马克·蒙雷,19 人收藏
彼得·布罗科,9 人收藏
威廉·雷德菲尔德,11 人收藏
米斯·斯马尔,46 人收藏
伊文娜·林奇,4501 人收藏
史蒂芬·朗,843 人收藏
萨姆·沃辛顿,5945 人收藏
安东尼·霍普金斯,38761 人收藏
安东尼·德·马克,10 人收藏
西德尼·拉斯克,8 人收藏
HardyJones,1535 人收藏
欧文·威尔逊,6652 人收藏
派珀·佩拉博,1860 人收藏
杰基·厄尔·哈利,1133 人收藏
约翰·卡洛·林奇,283 人收藏
克里斯托弗·尼姆,5 人收藏
马丁·斯科塞斯,61828 人收藏
裘德·洛,50111 人收藏
阿什顿·库彻,9090 人收藏
丹尼斯·勒翰,336 人收藏
皮耶罗·德·贝纳迪,41 人收藏
弗兰科·奥卡利,34 人收藏
比尔·默瑞,7300 人收藏
莎拉·威多斯,4 人收藏
安东尼·希尔德,65 人收藏
哈威·凯特尔,4403 人收藏
威廉·达尔,6 人收藏
J·麦基·格鲁伯,70 人收藏
赛尔乔·莱昂内,18392 人收藏
杰克·凯斯,3 人收藏
约翰·特拉沃尔塔,17085 人收藏
蒂莫西·斯波,1318 人收藏
维克·萨海,17 人收藏
艾玛·汤普森,15318 人收藏
特里特·威廉斯,221 人收藏
丹·华盛顿,22066 人收藏
威廉姆·李·斯科特,63 人收藏
艾米·斯马特,2092 人收藏
阿曼达·普拉莫,249 人收藏
丹尼尔·戴维斯,12 人收藏
KirkKrack,2 人收藏
科尔·豪瑟,427 人收藏
宝莲·高黛,1344 人收藏
罗姗娜·阿奎特,1968 人收藏
昆汀·塔伦蒂诺,116067 人收藏
罗杰·阿夫瑞,107 人收藏
劳拉·拉芙蕾丝,10 人收藏
西尔莎·罗南,58196 人收藏
海顿·潘妮蒂尔,2159 人收藏
斯坦利·布莱斯通,2 人收藏
海尼·康克林,3 人收藏
罗宾·巴特利特,14 人收藏
威廉·弗西斯,82 人收藏
亨利·伯格曼,46 人收藏
约瑟夫·斯科拉,57 人收藏
蒂尼·桑福德,9 人收藏
哈里·威尔逊,6 人收藏
汉克·曼,11 人收藏
萨米·斯坦,2 人收藏
帕特·哈蒙,3 人收藏
格洛丽亚·德黑文,77 人收藏
约翰·迈顿,2 人收藏
克里·杜瓦尔,1187 人收藏
塔斯黛·韦尔德,435 人收藏
约翰兰德,12 人收藏
李敏,10960 人收藏
雷格·E·凯蒂,79 人收藏
威尔弗雷德·卢卡斯,10 人收藏
阿尔弗雷德·莫里纳,1115 人收藏
朴努植,77 人收藏
保罗·考尔德伦,10 人收藏
约翰·C·麦金雷,118 人收藏
波特·杨,131 人收藏
帕特·弗莱厄蒂,4 人收藏
考乐姆·吉斯·雷尼,270 人收藏
荒川良良,2826 人收藏
全美善,357 人收藏
乔·哈特,34 人收藏
柳泰浩,21 人收藏
卡梅隆·布莱特,324 人收藏
林子聪,621 人收藏
路易·纳托,2 人收藏
土屋安娜,6413 人收藏
黑泽明日香,2571 人收藏
文·瑞姆斯,648 人收藏
菲尔·拉马,35 人收藏
约翰尼·德普,99066 人收藏
李力持,1935 人收藏
陈国坤,1044 人收藏
爱德华·勒桑,2 人收藏
理查德·亚历山大,7 人收藏
成龙,19088 人收藏
吴龙,750 人收藏
李·厄米,304 人收藏
弗雷德里克·科芬,6 人收藏
金光林,10 人收藏
冯克安,190 人收藏
杰·沃尔伯特,6 人收藏
田中要次,645 人收藏
默多克·麦夸里,2 人收藏
J·C·纽金特,3 人收藏
路易斯·佐里奇,4 人收藏
郑仁仙,1903 人收藏
中谷美纪,15670 人收藏
沃尔特·詹姆斯,3 人收藏
杰弗里·拉什,8748 人收藏
詹姆斯·曼高德,2677 人收藏
何文辉,304 人收藏
马绍尔·贝尔,9 人收藏
威廉·彼德森,628 人收藏
水上清资,142 人收藏
高瑞熙,72 人收藏
霍昕,215 人收藏
田启文,391 人收藏
朱莉·克里斯蒂,968 人收藏
王仕颖,52 人收藏
詹姆斯·C·莫顿,2 人收藏
角野卓造,80 人收藏
约翰·塞纳迭姆博,14 人收藏
今敏,58193 人收藏
托比亚斯·林道赫姆,100 人收藏
崔钟律,8 人收藏
迈克尔·赫希,2 人收藏
刘玉玲,22027 人收藏
阿尔·卡尔德隆,18 人收藏
林原惠美,2990 人收藏
董志华,108 人收藏
谷原章介,4064 人收藏
托马斯·温特伯格,5476 人收藏
李兆基,492 人收藏
朴真宇,46 人收藏
萨曼萨·罗根,49 人收藏
维克图瓦尔·杜布瓦,126 人收藏
麦斯·米科尔森,37168 人收藏
阿蜜拉·卡萨,3186 人收藏
柄本明,991 人收藏
袁祥仁,469 人收藏
木村凯拉,519 人收藏
乔纳森·普雷斯,1403 人收藏
泰伦斯·伯尼·海恩斯,15 人收藏
陈凯师,76 人收藏
旺妲·卡布里奥罗,6 人收藏
兴梠里美,95 人收藏
卡罗琳·阿隆,42 人收藏
凯拉·奈特莉,72204 人收藏
罗南·鲁宾斯坦,581 人收藏
太田真一郎,6 人收藏
中岛哲也,17626 人收藏
梁小龙,656 人收藏
马西娅·盖伊·哈登,1028 人收藏
安德列?艾席蒙,49 人收藏
史蒂文·布里尔,27 人收藏
安妮·路易丝·哈辛,16 人收藏
西莉亚·奥,41 人收藏
澳澜·琼斯,13 人收藏
里根·利奥纳德,4 人收藏
剧团一人,278 人收藏
郑镇荣,378 人收藏
KenDeVaul,0 人收藏
迪克·安东尼·威廉姆斯,7 人收藏
彼得·斯皮尔斯,25 人收藏
田中秀幸,59 人收藏
岩田光央,24 人收藏
贾康熙,41 人收藏
堀胜之祐,7 人收藏
泰德·艾略特,40 人收藏
郑满植,451 人收藏
拉丝·弗格斯托姆,59 人收藏
拉里·麦克穆特瑞,105 人收藏
卢卡·瓜达尼诺,3922 人收藏
克里斯蒂娜·亨德里克斯,8060 人收藏
布莱恩·拉肯,1 人收藏
杰克·吉伦哈尔,57291 人收藏
布莱思·丹纳,1445 人收藏
马可·斯格罗索,2 人收藏
凯西·贝克,89 人收藏
马克·麦考利,10 人收藏
蒂姆·波顿,50182 人收藏
布鲁克琳·普劳克斯,108 人收藏
托玛斯·博·拉森,262 人收藏
谷德昭,1828 人收藏
瑞内·菲利斯·史密斯,44 人收藏
尼克·卡特,0 人收藏
拉尔夫·罗德里格斯,1 人收藏
朴元尚,102 人收藏
埃琳娜·布奇,9 人收藏
VictoriaPrice,1 人收藏
爱河里花子,24 人收藏
苏菲·玛索,56662 人收藏
苏珊·布洛马特,34 人收藏
陈辉虹,271 人收藏
胜杏里,12 人收藏
吴镇宇,19601 人收藏
安妮·普鲁,722 人收藏
李焕庆,275 人收藏
詹姆斯·伊沃里,2573 人收藏
安娜·法瑞丝,5867 人收藏
艾米·汉莫,13717 人收藏
杰克·丘奇,2 人收藏
克洛蒂尔德·莫莱特,34 人收藏
塞尔·梅林,22 人收藏
兰道尔·华莱士,143 人收藏
朱咪咪,415 人收藏
柳承龙,3140 人收藏
薇诺娜·瑞德,53614 人收藏
罗伯特·奥利维里,26 人收藏
安德烈·达芒,3 人收藏
刘家辉,1523 人收藏
让-皮埃尔·热内,14810 人收藏
阿尔梅尔,4 人收藏
GinaGallagher,1 人收藏
KathyDombo,0 人收藏
布莱恩·考克斯,858 人收藏
辛·劳洛,22 人收藏
贾梅尔·杜布兹,570 人收藏
多米尼克·皮侬,947 人收藏
托妮·科莱特,2541 人收藏
兰迪·奎德,52 人收藏
梅尔·吉布森,15026 人收藏
刘英雅,54 人收藏
唐尼·沃尔伯格,495 人收藏
罗伯塔·马克斯韦尔,8 人收藏
阿莫里·巴博尔,3 人收藏
凯特·玛拉,7742 人收藏
小山薰堂,96 人收藏
郑佩佩,2441 人收藏
广末凉子,35241 人收藏
克洛德·佩隆,56 人收藏
黄一山,404 人收藏
米莎·巴顿,2056 人收藏
理查德·林克莱特,17004 人收藏
陈百祥,2154 人收藏
朴信惠,14807 人收藏
温翠苹,921 人收藏
奥莉维亚·威廉姆斯,4098 人收藏
余贵美子,979 人收藏
安德莉亚·埃克特,21 人收藏
宣萱,3413 人收藏
汉斯·魏因加特纳,50 人收藏
格拉汉姆·贝克尔,13 人收藏
特克斯·鲁比诺威茨,2 人收藏
安古斯·麦克菲登,196 人收藏
本木雅弘,4108 人收藏
詹姆斯·科兹莫,123 人收藏
吕菲斯,30 人收藏
伊莎贝尔·南蒂,61 人收藏
梁家仁,941 人收藏
金·克里桑,47 人收藏
夏恩·希尔,9 人收藏
克莱尔·莫里耶,100 人收藏
约翰·斯洛斯,10 人收藏
凯文·迪亚士,3 人收藏
休伯特·法比安·库尔特勒,2 人收藏
佐藤允,33 人收藏
莫里斯·贝尼舒,21 人收藏
松田洋治,81 人收藏
马克·阿米约,4 人收藏
大卫·哈伯,1703 人收藏
纪尧姆·洛朗,184 人收藏
黄霑,2558 人收藏
森光子,44 人收藏
迪基·奥尔加多,18 人收藏
格伦·菲茨杰拉德,16 人收藏
费奥纳·肖,1189 人收藏
名古屋章,30 人收藏
杰弗里·泽布尼斯,2 人收藏
李凯莉,157 人收藏
洛莱拉·克拉沃塔,22 人收藏
苑琼丹,2067 人收藏
笹野高史,561 人收藏
友兰达·梦露,495 人收藏
柯素云,226 人收藏
王菲,21158 人收藏
金燕玲,1629 人收藏
卡尔·布拉克施魏格尔,2 人收藏
欧仁·贝蒂埃,3 人收藏
特拉沃·摩根,47 人收藏
马修·卡索维茨,4794 人收藏
海蒙·玛丽亚·巴汀格,2 人收藏
唐如韫,81 人收藏
LisaSummerour,3 人收藏
桐岛加恋,478 人收藏
米歇尔·罗班,20 人收藏
保罗·波伊特,4 人收藏
吉行和子,464 人收藏
小林薰,6018 人收藏
徐淑媛,290 人收藏
于尔班·康塞利埃,13 人收藏
林青霞,26057 人收藏
朱诺·坦普尔,5835 人收藏
M·奈特·沙马兰,3940 人收藏
理查德·格雷弗斯,310 人收藏
让·达里,3 人收藏
乔什·平茨,305 人收藏
克里斯·兰金,147 人收藏
陶虹,6841 人收藏
萧淑慎,1059 人收藏
汉诺·波西尔,17 人收藏
左小青,6457 人收藏
泷田洋二郎,1570 人收藏
柯宇纶,1209 人收藏
法尔德斯·巴姆,2 人收藏
埃尔尼·曼戈尔德,31 人收藏
耿乐,2965 人收藏
克里斯蒂安·安科维奇,2 人收藏
周嘉玲,1460 人收藏
松冈茉优,20847 人收藏
陶传正,13 人收藏
二勇,11 人收藏
金城武,31265 人收藏
哈拉尔德·魏格莱因,2 人收藏
石田百合子,3832 人收藏
今村鼠,12 人收藏
王朔,11034 人收藏
伯恩·戈曼,1182 人收藏
多米尼克·卡斯特尔,25 人收藏
韩冬,17 人收藏
西村雅彦,757 人收藏
郑智麟,3090 人收藏
王海,351 人收藏
田中裕子,7242 人收藏
杨德昌,45435 人收藏
森繁久弥,57 人收藏
刘小宁,81 人收藏
劳拉·邓恩,6385 人收藏
托比·琼斯,1096 人收藏
张育邦,8 人收藏
高保成,44 人收藏
楯隆子,24 人收藏
张洋洋,419 人收藏
肯尼思·布拉纳,6922 人收藏
张维,121 人收藏
小岛可奈子,352 人收藏
曾心怡,1 人收藏
陈希圣,56 人收藏
凯莉·库恩,1417 人收藏
磨赤儿,178 人收藏
关口雄介,182 人收藏
林孟瑾,162 人收藏
弗农·多布切夫,59 人收藏
温水洋一,417 人收藏
小达蒙·韦恩斯,109 人收藏
五十岚大介,371 人收藏
克里斯·威廉姆斯,69 人收藏
丹尼尔·逊亚塔,245 人收藏
T·J·劳瑟,375 人收藏
夏雨,6592 人收藏
斯科特·安第斯,50 人收藏
詹姆斯·克伦威尔,942 人收藏
马修·莫迪恩,1377 人收藏
三浦贵大,599 人收藏
斯琴高娃,2131 人收藏
加濑亮,9257 人收藏
柳乐优弥,11063 人收藏
保罗·布里格斯,16 人收藏
本·门德尔森,1618 人收藏
姚二嘎,163 人收藏
田中庆太,1 人收藏
方化,71 人收藏
孙靖,13 人收藏
代少波,6 人收藏
韩英惠,1019 人收藏
吴淑琨,83153人浏览 · 4篇文章
北野武,57222 人收藏
泰勒·派瑞,296 人收藏
宁静,10590 人收藏
三浦友和,4634 人收藏
胡贝贝,128 人收藏
王福,137 人收藏
吉莉恩·弗林,447 人收藏
铃木忠幸,12 人收藏
路易丝·勒莫瓦纳·托雷斯,11 人收藏
米西·派勒,182 人收藏
吴淑昆,19 人收藏
唐·霍尔,153 人收藏
斯科特·麦克纳里,780 人收藏
大家由祐子,305 人收藏
玛丽安·普莱施泰格,2 人收藏
细川典江,1102 人收藏
瑞恩·波特,144 人收藏
刘兆铭,296 人收藏
张华,230 人收藏
薛芷伦,236 人收藏
程小东,2126 人收藏
罗伯特·L·贝尔德,22 人收藏
珍尼希斯·罗德里格兹,1886 人收藏
丹尼尔·吉尔森,17 人收藏
克林特·伊斯特伍德,62442 人收藏
陈可辛,12210 人收藏
大竹忍,729 人收藏
井手博士,8 人收藏
诸慧荷,80 人收藏
玛丽·诺顿,33 人收藏
丹尼尔·海尼,2276 人收藏
比利·布什,2 人收藏
是枝裕和,75209 人收藏
本名阳子,96 人收藏
丁羽,18 人收藏
串田和美,7 人收藏
杨恭如,3660 人收藏
村野友希,1 人收藏
亚布拉哈姆·本鲁比,15 人收藏
凯文·科斯特纳,15937 人收藏
清水萌萌子,711 人收藏
饭冢雅弓,29 人收藏
凯瑟琳·泽塔-琼斯,24943 人收藏
木村飞影,40 人收藏
裴淳华,25685 人收藏
金·迪肯斯,338 人收藏
寺岛进,3349 人收藏
山下容莉枝,40 人收藏
齐·麦克布赖德,195 人收藏
冈元夕纪子,52 人收藏
瓦列里·尼古拉耶夫,11 人收藏
远藤宪一,2972 人收藏
罗多尔·保利,15 人收藏
凯西·威尔逊,135 人收藏
尼尔·帕特里克·哈里斯,7798 人收藏
埃迪·琼斯,8 人收藏
派屈克·福吉特,210 人收藏
萨沙·斯皮尔伯格,33 人收藏
林威,381 人收藏
艾米丽·拉塔科斯基,4383 人收藏
康拉德·皮拉,3 人收藏
丹·芬纳蒂,1 人收藏
阮继志,35 人收藏
迈克尔·诺里,13 人收藏
李·诺里斯,15 人收藏
罗伯特·科瓦吕比亚,3 人收藏
AntonellaElia,28 人收藏
志田未来,4720 人收藏
艾力克斯·伯恩斯,1 人收藏
竹下景子,210 人收藏
杜桑恩·杜基齐,4 人收藏
艾伯特·德尔佩,14 人收藏
柊葵,13 人收藏
王祖贤,38310 人收藏
ZuzanaMonroe,1 人收藏
KseniaJarova,1 人收藏
玛丽·佩里,25 人收藏
杜可风,8126 人收藏
大森贵弘,1629 人收藏
MichaelEliopoulos,1 人收藏
斯坦利·图齐,4651 人收藏
米林宏昌,979 人收藏
树木希林,7462 人收藏
丹羽圭子,9 人收藏
山本兼平,6 人收藏
葛蕾熙达·柯维尔,13 人收藏
迪恩·德布洛斯,292 人收藏
艾丽西亚·奥奇瑟,22 人收藏
张同祖,120 人收藏
张曼玉,39033 人收藏
乔纳·希尔,4515 人收藏
黎明,8297 人收藏
室井滋,160 人收藏
罗宾·阿特金·唐斯,19 人收藏
克里斯·桑德斯,307 人收藏
鲍勃·莫里西,2 人收藏
高桥一生,21544 人收藏
阿什利·詹森,66 人收藏
露口茂,13 人收藏
莉迪亚·威尔逊,2168 人收藏
菲利普·麦格雷德,2 人收藏
科瑞·雷诺兹,28 人收藏
约书亚·麦圭尔,36 人收藏
凡妮莎·柯比,20199 人收藏
BennyGolson,1 人收藏
库玛·帕拉纳,34 人收藏
汤姆·霍兰德,1087 人收藏
古列雷莫·迪亚兹,60 人收藏
LydiaBlanco,2 人收藏
高山南,654 人收藏
MarstonFobbs,1 人收藏
凯瑟琳·斯戴曼,467 人收藏
汤姆·斯托顿,14 人收藏
理查德·班克斯,4 人收藏
斯蒂芬·富勒,3 人收藏
DanChase,1 人收藏
内芙·加切夫,273 人收藏
卡斯·安瓦尔,55 人收藏
本杰明·奥切恩格,2 人收藏
哈亚提·阿克巴斯,1 人收藏
李仙湖,88 人收藏
丽莎·艾科恩,45 人收藏
蕾妮·盖耶,2 人收藏
巴里·沙巴卡·亨利,32 人收藏
李·尼古拉斯·哈里斯,12 人收藏
查得·R·戴维斯,5 人收藏
巴里·朱利安,1 人收藏
罗薇娜·戴蒙德,23 人收藏
拉夫·埃格尔斯顿,26 人收藏
SvilenaKidess,1 人收藏
威廉姆·戴维斯,12 人收藏
约翰·弗劳思,1 人收藏
伊恩·莫利·梅尔德伦,1 人收藏
MohammedHassan,3 人收藏
卡尔利斯·布克,9 人收藏
亚当·艾略特,1572 人收藏
今井麻美,145 人收藏
玛丽·吉布斯,16 人收藏
后藤弘树,6 人收藏
约翰·古德曼,1842 人收藏
基隆·埃利奥特,2 人收藏
DanielWallace,19 人收藏
卡尔艾拉切,1 人收藏
克里斯汀·韦格,4980 人收藏
迈克尔·延纳,1 人收藏
玛格特·罗比,27019 人收藏
艾达·泰,52 人收藏
辻亲八,11 人收藏
约翰·奥古斯特,123 人收藏
贾斯汀·罗杰斯豪尔,3 人收藏
阿尔伯特·芬尼,1061 人收藏
克里斯托夫·梅兹-普莱瑟,920 人收藏
弗兰克·德安布罗西奥,10 人收藏
艾伦妮·泰,28 人收藏
海利·安妮·内尔森,159 人收藏
理查德·科德里,14 人收藏
亚美莉卡·费雷拉,616 人收藏
李·阿斯奎斯-柯,20 人收藏
佐仓绫音,1316 人收藏
琳赛·邓肯,1426 人收藏
三吉彩花,20653 人收藏
弗兰克·奥兹,297 人收藏
比尔·奈伊,15888 人收藏
菲利普-沃斯,48 人收藏
珍妮·莱恩斯福德,55 人收藏
理查德·赫德曼,2 人收藏
唐·诺韦洛,6 人收藏
敦尔·当纳利,9 人收藏
弗雷德里克·巴克曼,2329 人收藏
迪诺·法赞尼,2 人收藏
马修·麦克格罗里,20 人收藏
克雷格·费格森,262 人收藏
藤原薰,67 人收藏
米切尔·马伦,7 人收藏
约翰·达根,1 人收藏
朱莉·福塞斯,2 人收藏
查特里娜·拉松,12 人收藏
清水尚弥,81 人收藏
艾瑞克·巴纳,4853 人收藏
瑞秋·麦克亚当斯,48039 人收藏
托比亚斯·阿姆博瑞,16 人收藏
罗夫·拉斯加德,287 人收藏
格拉姆·柯里,3 人收藏
乔治·汉密尔顿,51 人收藏
简·奥斯汀,3806 人收藏
比利·克里斯托,1403 人收藏
艾莉克丝摩尔,1 人收藏
吉尔·卡尔顿,22 人收藏
哈利·海顿-佩顿,132 人收藏
杰克尔·法尔斯特伦,5 人收藏
伊万·麦克格雷格,41755 人收藏
凯利·蕾莉,6521 人收藏
木村佳乃,11936 人收藏
约翰·拉塞特,1296 人收藏
琳恩·史密斯,1 人收藏
史蒂夫·卡瑞尔,6785 人收藏
黛博拉·莫盖茨,32 人收藏
史蒂夫·萨斯坎德,2 人收藏
巴瑞·哈姆弗莱斯,13 人收藏
贝恩·科拉科,16 人收藏
唐纳德·萨瑟兰,3905 人收藏
詹妮弗·提莉,974 人收藏
迪普·罗伊,46 人收藏
敏迪·卡灵,347 人收藏
新井浩文,1803 人收藏
佩内洛普·威尔顿,590 人收藏
皮普·托伦斯,117 人收藏
埃达·英格薇,530 人收藏
金时厚,1480 人收藏
赫尔穆特·贝格,844 人收藏
艾莉森·洛曼,5425 人收藏
马汀·麦格,5 人收藏
大卫·西尔弗曼,184 人收藏
卢顿·万恩怀特三世,4 人收藏
卡罗琳·莎士比亚-艾伦,1 人收藏
塞缪尔·洛德·布莱克,1 人收藏
詹姆斯·柯本,507 人收藏
威尔·阿奈特,1163 人收藏
雷夫·瓦朗,32 人收藏
杰西卡·兰格,8174 人收藏
大卫·丹曼,119 人收藏
乔·曼特纳,656 人收藏
姜炯哲,1120 人收藏
芦田爱菜,24566 人收藏
唐·里克斯,57 人收藏
埃里·瓦拉赫,723 人收藏
布里吉特·芳达,1786 人收藏
冈田将生,12228 人收藏
李妍京,23 人收藏
汉内斯·赫尔姆,295 人收藏
朱迪·丹奇,5430 人收藏
玛德琳·雅各布松,6 人收藏
松隆子,21236 人收藏
马东锡,28728 人收藏
能年玲奈,12003 人收藏
一井直树,49 人收藏
西井幸人,838 人收藏
博瑞·伦贝里,19 人收藏
禹都临,138 人收藏
乔·赖特,6480 人收藏
安娜-莱娜·布伦丁,15 人收藏
肯·道里欧,16 人收藏
野本萤,22 人收藏
郑贤俊,134 人收藏
克劳迪·布莱克利,68 人收藏
琼·库萨克,1387 人收藏
杰梅奈·克莱门特,398 人收藏
弗雷德里克·埃弗斯,6 人收藏
弗兰科·内罗,326 人收藏
凯瑞·穆里根,35594 人收藏
迈克尔·基顿,4427 人收藏
辛科·保罗,17 人收藏
姜素拉,4621 人收藏
西蒙·伍兹,476 人收藏
姜信哲,10 人收藏
皮埃尔·柯芬,474 人收藏
叶玉卿,5593 人收藏
塞尔希奥·巴勃罗斯,79 人收藏
丹尼·麦克布莱德,430 人收藏
达纳·盖尔,36 人收藏
吉娜·马隆,4712 人收藏
大仓正章,4 人收藏
安昭熙,1051 人收藏
原亚弥,13112人浏览 · 2篇文章
陈熙琼,315 人收藏
杰克·麦克布瑞尔,164 人收藏
沈恩京,7614 人收藏
克里斯·雷纳德,215 人收藏
朴素丹,4038 人收藏
梁家辉,24253 人收藏
谷山纪章,195 人收藏
千禹熙,3205 人收藏
南宝拉,889 人收藏
艾尔西·费舍尔,201 人收藏
克里斯托弗·瓦尔兹,23795 人收藏
安德鲁·加菲尔德,33976 人收藏
闵孝琳,6929 人收藏
张学友,12462 人收藏
郑锡勇,78 人收藏
河正宇,39331 人收藏
金义城,303 人收藏
卢克·佩格勒,68 人收藏
李璟荣,1707 人收藏
郑知晓,3233 人收藏
金大明,653 人收藏
崔奎华,49 人收藏
李善均,6532 人收藏
汉娜·乔恩-卡门,1296 人收藏
崔宇植,9071 人收藏
沃尔顿·戈金斯,810 人收藏
张慧珍,179 人收藏
安德烈亚斯·弗龙克,9 人收藏
埃里克·赛克斯,27 人收藏
筱原惠美,100 人收藏
李大卫,141 人收藏
赵汝贞,10729 人收藏
佐伊·贝尔,476 人收藏
凯丽·华盛顿,1197 人收藏
村井贞之,225 人收藏
杰米·福克斯,6830 人收藏
孙成灿,11 人收藏
普里德拉格·比耶拉克,5 人收藏
全慧珍,735 人收藏
长嶝高士,12 人收藏
金秉祐,592 人收藏
杰拉丁·萨莫维尔,154 人收藏
王树忱,476 人收藏
金素真,329 人收藏
金海仁,76 人收藏
梁田清之,15 人收藏
盐屋翼,8 人收藏
达科塔·范宁,22828 人收藏
细井治,4 人收藏
江原正士,16 人收藏
山野井仁,6 人收藏
瑞切尔·格里菲斯,1307 人收藏
岛崎雪子,58 人收藏
堀秀行,8 人收藏
南香织,2 人收藏
徐景达,361 人收藏
奥利维亚·库克,5937 人收藏
陶山章央,5 人收藏
理查德·劳斯伯格,476 人收藏
卢克·布雷西,2137 人收藏
高堂国典,14 人收藏
田野惠,9 人收藏
商店一野,13112人浏览 · 2篇文章
劳伦斯·斯佩尔曼,12 人收藏
丽娜·维特,98 人收藏
大友伸,0 人收藏
严定宪,446 人收藏
斯坦尼斯拉夫·雅涅夫斯基,415 人收藏
恩斯特·克莱恩,16 人收藏
卡莉·克里,84 人收藏
戴文·穆雷,46 人收藏
路易·多伊尔,20 人收藏
菲尔·塞尔维,19 人收藏
PaulDavies,312 人收藏
黑泽明,52670 人收藏
千秋实,327 人收藏
渡边笃,25 人收藏
千石规子,51 人收藏
熊谷卓三,0 人收藏
朴勋政,1415 人收藏
米切尔·利希藤斯坦,497 人收藏
马克·斯特朗,7437 人收藏
维尔·博登,16 人收藏
斯图尔特·马修斯,2 人收藏
吉娜薇·欧瑞丽,169 人收藏
邹兆龙,3148 人收藏
潘迪华,493 人收藏
肯·梁,496 人收藏
尚楠,8 人收藏
阿兰·弗吉,9 人收藏
本·怀特,8 人收藏
午马,2981 人收藏
文森特·普莱斯,627 人收藏
阿隆·鲁斯汀,4 人收藏
弗兰克·哈格尼,2 人收藏
乔伊·金,2226 人收藏
尾形一成,381 人收藏
杨彤林,83153人浏览 · 4篇文章
乔丹·罗伯茨,10 人收藏
杰伊·巴鲁切尔,2000 人收藏
岸本加世子,2977 人收藏
北浦爱,486 人收藏
森淳一,933 人收藏
井之胁海,382 人收藏
玛娅·鲁道夫,563 人收藏
迪亚博洛,2 人收藏
木村佑一,107 人收藏
王晶,8207 人收藏
迭戈·卢纳,3804 人收藏
DilvaHenry,2 人收藏
波伊德·霍布鲁克,3038 人收藏
岸西,996 人收藏
绿川幸,1113 人收藏
马修·C·马蒂诺,1 人收藏
塔姆金·莫钦特,371 人收藏
理查德·柯蒂斯,8914 人收藏
史蒂夫·布西密,11926 人收藏
比利·克鲁德普,3140 人收藏
凑佳苗,1606 人收藏
钟镇涛,1568 人收藏
苏珊·索洛米,8 人收藏
杰拉德·加纳,2 人收藏
汤姆·休斯,2009 人收藏
尼德·巴蒂,66 人收藏
迈克尔·阿恩特,162 人收藏
马修·麦克费登,8269 人收藏
高桥努,147 人收藏
西妮德·马修斯,79 人收藏
小林桂树,109 人收藏
朴根禄,139 人收藏
安迪·加西亚,5389 人收藏
李炳宪,2878 人收藏
巴哈·帕斯,90 人收藏
克里斯托弗·马西,2 人收藏
竹内义和,13 人收藏
金甫美,201 人收藏
柳好贞,394 人收藏
张赫镇,31 人收藏
保罗·布莱克维尔,9 人收藏
罗布·许贝尔,34 人收藏
杰森·席格尔,2196 人收藏
拉塞尔·布兰德,1277 人收藏
蒂姆·艾伦,318 人收藏
朴叙俊,11953 人收藏
艺秀晶,252 人收藏
金弘波,139 人收藏
韩珍元,39 人收藏
布兰达·布莱斯,287 人收藏
鲍起静,1375 人收藏
菲利普·伯格,632 人收藏
延尚昊,1242 人收藏
郑肯,2404 人收藏
韩成天,5 人收藏
保志总一朗,497 人收藏
崔正贤,8 人收藏
爱波·塔布琳,901 人收藏
朴真珠,464 人收藏
朴孝新,3 人收藏
朴明勋,74 人收藏
瑞安·柯尔,228 人收藏
古川惠实子,240 人收藏
米兰达·卡斯格拉夫,284 人收藏
本井英美,7 人收藏
三木真一郎,957 人收藏
朴明申,38 人收藏
古泽彻,6 人收藏
金秀安,325 人收藏
岩男润子,218 人收藏
崔代勋,44 人收藏
佩蒂塔·维克斯,361 人收藏
内森奈尔·布佐里克,651 人收藏
泰莉莎·帕尔墨,14106 人收藏
费拉斯·迪拉尼,31 人收藏
丹尼斯·克里斯托弗,67 人收藏
西蒙·佩吉,23337 人收藏
拉尔夫·伊内森,133 人收藏
亚历克斯·帕尔墨,0 人收藏
罗伯特·申坎,12 人收藏
克莱尔·希金斯,70 人收藏
奥利弗·菲尔普斯,1015 人收藏
谢发丽·裘德胡里,29 人收藏
松本梨香,120 人收藏
威廉姆·麦灵,11 人收藏
森崎温,415 人收藏
扎克·佩恩,66 人收藏
远近孝一,28 人收藏
梁正晖,11 人收藏
JackBagley,1 人收藏
马克·威廉姆斯,132 人收藏
罗伯特·卡拉丁,36 人收藏
阿什莉·阿尔图斯,1 人收藏
乔什·赫德曼,21 人收藏
艾萨克·安德鲁斯,21 人收藏
桥本忍,1423 人收藏
泰伊·谢里丹,2123 人收藏
SteveClaydon,1 人收藏
杰夫·劳勒,13 人收藏
马特·纳夫莱,60 人收藏
罗格·洛伊德-派克,63 人收藏
新山志保,20 人收藏
迈克·内威尔,693 人收藏
安吉拉珂·曼蒂,40 人收藏
艾芙珊·阿扎德,16 人收藏
西恩·潘,18413 人收藏
秋元羊介,11 人收藏
弗朗西斯·德·拉·图瓦,677 人收藏
大卫·斯特恩,1605 人收藏
夏洛特·斯凯奇,8 人收藏
文斯·沃恩,1490 人收藏
左卜全,39 人收藏
阿尔弗雷德·伊诺奇,327 人收藏
苏珊·林奇,114 人收藏
亨利·劳埃德-休斯,85 人收藏
安德鲁·奈特,16 人收藏
罗伯特·威尔福特,1 人收藏
雪莉·亨德森,756 人收藏
赵家正,84 人收藏
希拉·艾伦,2 人收藏
高木新平,4 人收藏
米歇尔·菲佛,14775 人收藏
史蒂夫·麦基,13 人收藏
马克·里朗斯,2821 人收藏
拉斯科·阿特金斯,13 人收藏
加东大介,307 人收藏
葛蕾·贝拉玛西娜,35 人收藏
詹姆斯·菲尔普斯,814 人收藏
谷晃,4 人收藏
TolgaSafer,2 人收藏
罗伯特·帕丁森,23213 人收藏
木村功,126 人收藏
杰茜·尼尔森,165 人收藏
理查德·希夫,268 人收藏
小国英雄,240 人收藏
罗伯特·哈迪,45 人收藏
小川虎之助,6 人收藏
布莱丹·格里森,1552 人收藏
贾维斯·考科尔,401 人收藏
津岛惠子,130 人收藏
沃维克·戴维斯,82 人收藏
BarryDowden,0 人收藏
小杉义男,13 人收藏
伊藤实,1 人收藏
玛格里·梅森,6 人收藏
宇津井健,390 人收藏
米兰达·理查森,927 人收藏
山形勋,9 人收藏
稻叶义男,49 人收藏
强尼·格林伍德,341 人收藏
三船敏郎,10411 人收藏
杰米·威莱特,21 人收藏
上田吉二郎,14 人收藏
金素梅,1163 人收藏
JasonBuckle,1 人收藏
NatalieHallam,2 人收藏
马野都留子,5 人收藏
清水元,4 人收藏
高原骏雄,2 人收藏
克里斯汀·约翰逊,8 人收藏
阿德里安·劳林斯,36 人收藏
本间文子,13 人收藏
朴圣雄,3543 人收藏
土屋嘉男,26 人收藏
志村乔,2116 人收藏
宇野晃司,2 人收藏
大村千吉,6 人收藏
詹姆斯·诺斯科特,94 人收藏
罗里·金尼尔,1126 人收藏
中岛春雄,22 人收藏
稻垣三郎,5 人收藏
岩本弘司,0 人收藏
森今日子,5 人收藏
安库塔·布雷班,54 人收藏
藤原釜足,67 人收藏
杰克·巴农,412 人收藏
东野英治郎,111 人收藏
山本廉,10 人收藏
黄政民,24436 人收藏
仲代达矢,6278 人收藏
清水美恵,0 人收藏
阿道夫·希特勒AdolfHitler,3 人收藏
金秉玉,342 人收藏
贾达·萍克·史密斯,682 人收藏
洛雷塔·迪瓦恩,75 人收藏
本尼迪克特·康伯巴奇,80956 人收藏
李政宰,22369 人收藏
堺左千夫,19 人收藏
冯光远,26 人收藏
艾伦·里奇,984 人收藏
莫滕·泰杜姆,714 人收藏
鲁伯特·雷德,8 人收藏
罗宾·奈文,17 人收藏
夏木顺平,2 人收藏
多多良纯,7 人收藏
查尔斯·丹斯,3810 人收藏
格拉汉姆·摩尔,114 人收藏
宫口精二,322 人收藏
汤姆·古德曼-希尔,185 人收藏
杰克·塔尔登,8 人收藏
崔岷植,11829 人收藏
海莉·乔安妮·培根,3 人收藏
塔彭丝·米德尔顿,4172 人收藏
乔·曼宁,3 人收藏
大久保正信,2 人收藏
史蒂芬·威丁顿,32 人收藏
上山草人,14 人收藏
安德鲁·霍奇斯,5 人收藏
格雷斯·卡尔德,16 人收藏
克里斯·考林,3 人收藏
卢克·霍普,1 人收藏
张耀扬,4587 人收藏
伊兰·古德曼,2 人收藏
理查德·坎贝尔,2 人收藏
哈里·S·杜鲁门,42 人收藏
堤康久,2 人收藏
诺娜·加耶,115 人收藏
广濑正一,4 人收藏
凯特·宾汉,100 人收藏
克里斯托弗·卡比,29 人收藏
哈罗德·佩里诺,155 人收藏
保罗·古德勒支,6 人收藏
宋智孝,12350 人收藏
TanveerK.Atwal,8 人收藏
温子仁,35991 人收藏
克莱顿·华生,67 人收藏
温斯顿·丘吉尔,756 人收藏
马修·古迪,23373 人收藏
孙佳君,2443 人收藏
玛丽·爱丽丝,14 人收藏
西蒙·里奇,17 人收藏
康奈尔·韦斯特,15 人收藏
迈克尔·爱默生,4631 人收藏
加藤武,30 人收藏
麦肯兹·韦加,304 人收藏
埃茜·戴维斯,384 人收藏
埃里克斯·劳瑟,15899 人收藏
顾锦华,1 人收藏
比尔·哈德尔,2281 人收藏
克雷格·沃克,3 人收藏
理查德·坎德,77 人收藏
金胤成,12 人收藏
大卫·罗伯茨,15 人收藏
汉娜·弗林,22 人收藏
吉娜·托瑞斯,342 人收藏
鲍比·莫尼汉,263 人收藏
迪娜·迈耶,987 人收藏
马修·比尔德,1999 人收藏
朗贝尔·维尔森,1105 人收藏
保拉·佩尔,4 人收藏
罗伯特·马莫内,12 人收藏
肖妮·史密斯,503 人收藏
伍迪·哈里森,13553 人收藏
安东尼·布兰登·黄,17 人收藏
雷·沃纳尔,3241 人收藏
山姆·洛克威尔,15066 人收藏
菲利丝·史密斯,26 人收藏
罗纳尔多·德尔·卡门,63 人收藏
克拉克·彼得斯,204 人收藏
卡洛斯·阿拉斯拉奇,29 人收藏
莫妮卡·波特,626 人收藏
赫尔穆特·巴凯蒂斯,23 人收藏
加利·艾尔维斯,1179 人收藏
安德鲁·哈维尔,14 人收藏
弗利,22158 人收藏
华金·菲尼克斯,31429 人收藏
彼特·丁拉基,11251 人收藏
萧炳林,22 人收藏
卢卡斯·赫奇斯,4865 人收藏
亚当·诺威尔,42 人收藏
凯尔·麦克拉克伦,3146 人收藏
亚丽姗德拉·全,246 人收藏
丹尼·格洛弗,361 人收藏
德斯蒙德·杜布,3 人收藏
刘易斯·布莱克,47 人收藏
布兰登·萨克斯顿,90 人收藏
尼克·瑟西,42 人收藏
玛拉雅·瑞沃拉·德鲁,125 人收藏
马丁·麦克唐纳,8957 人收藏
迈克·巴特斯,3 人收藏
托宾·贝尔,2518 人收藏
凯特林·迪亚斯,13 人收藏
皮特·萨加尔,3 人收藏
尼克·诺特,1169 人收藏
梅格·勒福夫,10 人收藏
谷花音,2229 人收藏
卡赖伯·兰德里·琼斯,2116 人收藏
法纳·莫科纳,8 人收藏
蕾乐蒂·库马洛,5 人收藏
哈里·列尼斯,68 人收藏
托尼·戈罗奇,12 人收藏
戴安·琳恩,7016 人收藏
波拉·庞德斯通,3 人收藏
拉什达·琼斯,1686 人收藏
艾玛·斯通,36634 人收藏
长泽雅美,72330 人收藏
帕丽斯·冯·戴克,4 人收藏
上白石萌音,5415 人收藏
迈克尔·艾伦·米利甘,13 人收藏
达拉斯·罗伯特斯,376 人收藏
弗兰西斯·麦克多蒙德,13768 人收藏
寺杣昌纪,19 人收藏
拉黑·休姆,4 人收藏
凯瑟琳·纽顿,5818 人收藏
唐·钱德尔,4557 人收藏
凯瑞·康顿,746 人收藏
卡迪亚·兰德,228 人收藏
萨玛拉·维文,7389 人收藏
茶风林,28 人收藏
大卫·奥哈拉,59 人收藏
钱似莺,165 人收藏
凯尔·皮尔森,4 人收藏
瑞安·雷诺兹,21963 人收藏
特瑞·乔治,297 人收藏
卡拉·西摩,73 人收藏
保罗·格林格拉斯,3277 人收藏
克拉克·杜克,83 人收藏
苏菲·奥康内多,471 人收藏
西莫·莫加瓦扎,3 人收藏
莫苏西·麦格诺,3 人收藏
岛崎信长,402 人收藏
凯文·兰金,51 人收藏
格里芬·邓恩,168 人收藏
市原悦子,72 人收藏
柯克·德·米科,101 人收藏
丹尼尔·布鲁赫,7963 人收藏
本尼托·马丁内斯,16 人收藏
成田凌,6011 人收藏
悠木碧,1255 人收藏
罗伯托·西特兰,4 人收藏
加藤有花,3 人收藏
保罗·林斯,6 人收藏
艾米·波勒,1297 人收藏
梅丽莎·沃雷克,14 人收藏
托尼·吉尔罗伊,385 人收藏
寺崎裕香,20 人收藏
兰迪·汤姆,17 人收藏
莱安德鲁·菲尔米诺,29 人收藏
八奈见乘儿,12 人收藏
J·D·埃弗摩尔,41 人收藏
大卫·戈尔兹,8 人收藏
梁淑华,7 人收藏
罗伯特·鲁德鲁姆,46 人收藏
克莱格·鲍登,9 人收藏
简·麦克尼尔,24 人收藏
塞乌·乔奇,34 人收藏
乔伊·安沙,27 人收藏
艾比·考尼什,8647 人收藏
詹姆斯·杜蒙特,25 人收藏
冯元良,70 人收藏
LucyLiemann,38 人收藏
菲利佩·哈根森,88 人收藏
斯蒂菲·格罗特,16 人收藏
埃德加·拉米雷兹,1039 人收藏
亚历桑德雷·罗德里格斯,59 人收藏
朱自清,11 人收藏
阿曼达·沃伦,22 人收藏
朱丽娅·斯蒂尔斯,3549 人收藏
矢田稔,5 人收藏
乔治·诺非,68 人收藏
秦小珍,99 人收藏
榊原良子,65 人收藏
狄龙,4602 人收藏
吉田理保子,7 人收藏
丹·弗雷登堡,9 人收藏
纳谷悟朗,23 人收藏
马修斯·纳克加勒,21 人收藏
田丰,484 人收藏
约翰·加文,370 人收藏
家弓家正,9 人收藏
菅谷政子,4 人收藏
帕迪·康斯戴恩,826 人收藏
罗芸,44 人收藏
鲁妮凡,7 人收藏
李子雄,1402 人收藏
吴宇森,13762 人收藏
哈基姆·凯-卡西姆,40 人收藏
陈梅生,6 人收藏
曾江,2026 人收藏
王梓尘,110 人收藏
王笑天,71 人收藏
杨瑜珍,10 人收藏
京田尚子,7 人收藏
贾世忠,3 人收藏
钟楚红,14658 人收藏
新海诚,30146 人收藏
陈志辉,123 人收藏
唐宁,2025 人收藏
张景素,5 人收藏
大原沙耶香,281 人收藏
胡枫,531 人收藏
曹西安,15 人收藏
凯瑟琳·基纳,1982 人收藏
邓一君,220 人收藏
大塚芳忠,150 人收藏
帕特里夏·希区柯克,94 人收藏
张建军,5 人收藏
徐克,23592 人收藏
FletcherAllen,1500人浏览 · 0篇文章
邵胜杰,22 人收藏
安东尼·博金斯,3589 人收藏
丹尼斯·欧哈拉,514 人收藏
汉斯-乔基姆·默比斯,2 人收藏
金子,329 人收藏
布罗里欧·曼托伐尼,11 人收藏
吴君如,7338 人收藏
罗伯特·布洛克,39 人收藏
黄一飞,642 人收藏
斯科特·Z·本恩斯,55 人收藏
夏萍,40629 人收藏
沃尔特·培根,1 人收藏
夏帆,11059 人收藏
陈庆航,5199人浏览 · 0篇文章
科林·斯廷顿,22 人收藏
铃木亮平,1242 人收藏
海伦·华莱士,2 人收藏
弗雷德·谢威勒,1 人收藏
弗兰克·基尔蒙德,1 人收藏
乔雅·福克斯,439 人收藏
任达华,9045 人收藏
富永美伊奈,66 人收藏
刘洵,1668 人收藏
拉里·霍尔登,8 人收藏
片桐入,1280 人收藏
林耀祺,5199人浏览 · 0篇文章
帕特·麦卡弗里,1 人收藏
朱宝意,2957 人收藏
许鞍华,26190 人收藏
黎祥荣,5199人浏览 · 0篇文章
广濑铃,11256 人收藏
钟丽缇,5975 人收藏
霍卫民,119 人收藏
乔治·多克斯塔德,1 人收藏
张婉婷,3156 人收藏
石仓三郎,10 人收藏
坂口健太郎,12793 人收藏
赵梓彤,7 人收藏
徐锦江,3248 人收藏
蔡颖恩,751 人收藏
威廉希路,5446 人收藏
莱昂纳多·斯巴拉格利亚,3430 人收藏
达里奥·格兰迪内蒂,302 人收藏
李治廷,3821 人收藏
神山征二郎,75 人收藏
钱耀荣,0 人收藏
绫濑遥,33972 人收藏
朱江,257 人收藏
玛格丽塔·莫菲诺,17 人收藏
张翼东,5199人浏览 · 0篇文章
奥斯卡·马丁内兹,401 人收藏
中川雅也,3022 人收藏
夏洛特·普里尔,15 人收藏
格雷厄姆·格林,3597 人收藏
金伯利·坎贝尔,8 人收藏
风吹淳,1048 人收藏
泉谷茂,95 人收藏
小马克·布恩,66 人收藏
雅尼斯·帕帕多普洛斯,46 人收藏
保罗·雷瑟,91 人收藏
殿山泰司,62 人收藏
春川真澄,66 人收藏
沃尔特·多纳多,15 人收藏
玛丽娅·玛努尔,78 人收藏
井川比佐志,82 人收藏
托马斯·列农,250 人收藏
科菲·斯里博伊,33 人收藏
大卫·摩斯,2385 人收藏
达米安·斯兹弗隆,2354 人收藏
石野真子,256 人收藏
胡丽叶塔·泽尔贝伯格,177 人收藏
玛莉亚·奥内托,15 人收藏
罗伯特·奥斯本,4 人收藏
仙尼娅·卡洛格罗普卢,5 人收藏
南希·杜普拉,34 人收藏
米歇尔·拉夫,22 人收藏
丽塔·科尔泰塞,22 人收藏
梅莉莎·班诺伊,5700 人收藏
道格·休切逊,94 人收藏
艾丽卡·里瓦斯,238 人收藏
卡维塔帕蒂尔,4 人收藏
迈克尔·杰特,41 人收藏
芙蕾达·平托,1707 人收藏
丹尼·博伊尔,11505 人收藏
阿赛娜·拉海尔·灿加里,130 人收藏
肖姆斯·戴维-菲茨帕特里克,57 人收藏
赫尔曼·德·席尔瓦,11 人收藏
罗德里戈·桑托罗,3522 人收藏
爱资哈尔丁·穆罕默德·伊斯梅尔,5 人收藏
亚里安妮·拉贝德,1018 人收藏
达米恩·查泽雷,12724 人收藏
比利·鲍伯·松顿,4404 人收藏
池松壮亮,3761 人收藏
内特·朗,7 人收藏
伊芙·布伦特,34 人收藏
罗启锐,1458 人收藏
达蒙·冈普顿,19 人收藏
塔里克·洛维,2 人收藏
约塔·阿吉罗普卢,4 人收藏
山姆·J·莱文,3 人收藏
庄域飞,15 人收藏
CharlieIan,898 人收藏
迈克尔·D·科恩,3 人收藏
马科斯·卡锡,14 人收藏
西蒙·博福伊,105 人收藏
森口瑶子,684 人收藏
亚当·卡罗拉,8 人收藏
吉田秋生,181 人收藏
戴夫·帕特尔,7455 人收藏
马库斯·亨德森,13 人收藏
贾里德·斯特恩,8 人收藏
盖·皮尔斯,8776 人收藏
马赫什·曼杰瑞卡,7 人收藏
休·格兰特,38502 人收藏
罗杰·克莱格·史密斯,62 人收藏
安德鲁·林肯,3670 人收藏
亚尼·卡普,194 人收藏
海克·玛卡琪,419 人收藏
阮德锵,18 人收藏
片山萌美,4413 人收藏
山本圭,55 人收藏
托马斯·布罗迪-桑斯特,13923 人收藏
霍拉提奥·桑斯,16 人收藏
城桧吏,914 人收藏
竹下明子,18 人收藏
柳叶敏郎,512 人收藏
拉詹德拉纳斯·祖特施,5 人收藏
池胁千鹤,2259 人收藏
金庸,6080 人收藏
里卡多·达林,962 人收藏
艾德·奥尼尔,725 人收藏
鲁本·兰登,25 人收藏
迈克尔·伯格,4 人收藏
马丁·弗瑞曼,24926 人收藏
迈克·克拉克·邓肯,996 人收藏
钱嘉乐,1365 人收藏
布兰登·斯考特,6 人收藏
约翰·J·麦克劳克林,16 人收藏
塞尔吉奥·托拉多,8 人收藏
张爱玲,8504 人收藏
佐佐木美结,364 人收藏
库尔特·弗勒曼,1 人收藏
杨采妮,8007 人收藏
辛贝·沃克,1 人收藏
沃尔特·拉萨利,9 人收藏
洁米·斯贝勒·罗伯茨,1 人收藏
樊光耀,303 人收藏
奥斯汀·斯托维尔,405 人收藏
凯文·迪特斯,3 人收藏
阿努潘·凯尔,140 人收藏
黄渤,35140 人收藏
C.J.Vana,3 人收藏
瑞秋·哈里斯,176 人收藏
折笠富美子,375 人收藏
何赛飞,3835 人收藏
王力宏,4598 人收藏
洛芙琳·坦丹,51 人收藏
迈克尔·J·威尔森,2 人收藏
杰洛·里佛斯,1 人收藏
宫西美奈子,2 人收藏
刘桦,1734 人收藏
阿什·马赫什·舍德卡,11 人收藏
米拉·库尼斯,9311 人收藏
丹尼斯·利瑞,204 人收藏
余娅,107 人收藏
吉恩·凯利,3195 人收藏
朱芷莹,230 人收藏
雷·罗马诺,267 人收藏
克塞尼亚·索罗,756 人收藏
王迅,1496 人收藏
玛汀·麦古基安,401 人收藏
芭芭拉·赫希,388 人收藏
王琳,2012 人收藏
道恩·艾达丝,78 人收藏
达伦·阿伦诺夫斯基,13809 人收藏
玛西娅·让·库尔茨,18 人收藏
山田裕贵,1441 人收藏
亚伯拉罕·阿罗诺夫斯基,4 人收藏
萨拉·西尔弗曼,891 人收藏
神野博明,4 人收藏
藤森雅也,39 人收藏
HarryCody,1 人收藏
詹妮特·蒙哥马利,1835 人收藏
卡洛斯·沙尔丹哈,314 人收藏
安德雷斯·海因斯,10 人收藏
小室正幸,4 人收藏
贾米·埃曼,41 人收藏
帕特里克·赫辛格,161 人收藏
塞巴斯蒂安·斯坦,12674 人收藏
川村万梨阿,92 人收藏
瑞秋·卡帕尼,135 人收藏
RichardEmory,1 人收藏
克里斯托弗·加廷,34 人收藏
凯尔·赫伯特,2 人收藏
利亚姆·海姆斯沃斯,4355 人收藏
黛博拉·奥夫纳,10 人收藏
桐本拓哉,4 人收藏
山口胜平,1543 人收藏
加藤清史郎,263 人收藏
苏岩,586 人收藏
克里斯托弗·史密斯,997 人收藏
唐纳德·奥康纳,660 人收藏
杰克·乔治,1 人收藏
简·哈根,140 人收藏
志村知幸,5 人收藏
胜沼纪义,3 人收藏
张承,371 人收藏
贝蒂·康登,12 人收藏
BetteArlen,2 人收藏
约书亚·麦基弗,5 人收藏
亨利·尼克松,6 人收藏
JeanneCoyne,4 人收藏
彼得·阿克曼,3 人收藏
JohnAlbright,1 人收藏
赛德·查里斯,824 人收藏
文森特·卡索,15193 人收藏
玛格丽特·伯特,7 人收藏
贝丝·弗劳尔斯,239 人收藏
ChickCollins,1 人收藏
A.CameronGrant,1 人收藏
凯·德利斯,3 人收藏
蒂娜·斯隆,6 人收藏
SylviaLewis,1 人收藏
DanFoster,1 人收藏
贝丝·格兰特,65 人收藏
莎拉·海伊,205 人收藏
ChetBrandenburg,1 人收藏
卢辛达·珍妮,12 人收藏
JohnGeorge,8887 人收藏
凯尔·杜拉,516 人收藏
WilliamHamel,1 人收藏
别所哲也,35 人收藏
丹尼尔·里希特,10 人收藏
罗纳德·巴斯,63 人收藏
梅利莎·乔治,6767 人收藏
杰里米·莱文,38 人收藏
PhilDunham,1 人收藏
安·吉利斯,19 人收藏
角野荣子,42 人收藏
乔伊·兰辛,48 人收藏
阿多夫·格林,9 人收藏
杰克·霍夫曼,56 人收藏
希瑟·沃奎斯特,42 人收藏
EricFreeman,2 人收藏
迈克尔·D·罗伯茨,3 人收藏
浅井淑子,2 人收藏
BettyAllen,1 人收藏
渊崎由里子,12 人收藏
JeanHeremans,1 人收藏
达斯汀·霍夫曼,18938 人收藏
津贺有子,2 人收藏
野坂昭如,39 人收藏
罗伯特·比提,16 人收藏
路易莎·莱斯金,5 人收藏
珍·哈露,829 人收藏
哈里·克罗克,8 人收藏
瑞恩·高斯林,48520 人收藏
PatConway,1 人收藏
赵一穗,4 人收藏
尼克·卡萨维蒂,599 人收藏
ErnieFlatt,1 人收藏
户田惠子,368 人收藏
艾德·毕肖普,13 人收藏
InezGorman,1 人收藏
诺尔·古格雷米,32 人收藏
杰弗里·奈特,2 人收藏
贝弗利·陶德,30 人收藏
汤姆·克鲁斯,44989 人收藏
陈竹昇,1215 人收藏
斯坦利·库布里克,81258 人收藏
西村知道,22 人收藏
土井美加,33 人收藏
詹姆斯·加纳,268 人收藏
WilliamF.Leicester,1 人收藏
游安顺,125 人收藏
白石绫乃,0 人收藏
格伦·贝克,20 人收藏
关弘子,7 人收藏
龟井芳子,4 人收藏
童超,119 人收藏
多布杰,1191 人收藏
杰拉尔德·R·莫伦,9 人收藏
张瞳,116 人收藏
罗文娜·金,17 人收藏
池水通洋,8 人收藏
斯塔尔勒塔·杜波利斯,19 人收藏
弗吉尼亚·切瑞尔,453 人收藏
山口朱美,138 人收藏
安波米德,18 人收藏
贾斯汀·扎克汉姆,12 人收藏
平原,117 人收藏
乔丹·朗德,2 人收藏
三浦浩一,6 人收藏
SerenaReeder,4 人收藏
奇道,458 人收藏
乔纳森·赫尔南德斯,13 人收藏
李永丰,14 人收藏
威廉姆·西尔维斯特,29 人收藏
DestinyBrownridge,9003人浏览 · 4篇文章
达妮埃尔·汤普森,81 人收藏
田口昂,3 人收藏
戴立忍,6447 人收藏
纳豆,327 人收藏
谢添,800 人收藏
伊恩·安东尼·代尔,136 人收藏
郑宇彤,557 人收藏
赵雪莹,93 人收藏
梁赫群,45 人收藏
牛星丽,48 人收藏
胡宗温,14 人收藏
冯增祥,1 人收藏
詹妮弗·迪弗朗西斯科,12 人收藏
克里斯托弗·斯塔普勒顿,6 人收藏
米铁增,48 人收藏
金昭,56 人收藏
朱旭,2747 人收藏
王淑华,6 人收藏
泰勒.安.汤普森,16 人收藏
任宝贤,26 人收藏
布尔维尔,542 人收藏
曹世骧,1 人收藏
黄信尧,9812 人收藏
雷婕熙,445 人收藏
于是之,574 人收藏
安德烈·塔贝,2 人收藏
李大千,6 人收藏
林美秀,406 人收藏
马塞尔·朱利安,4 人收藏
西戈德·拉普,27 人收藏
林东升,3 人收藏
玛丽·杜布瓦,1805 人收藏
郑榕,174 人收藏
皮埃尔·鲁塞尔,2 人收藏
皮埃尔·贝尔坦,6 人收藏
李源,1808 人收藏
安德丽·帕里西,165 人收藏
吕迪·勒努瓦,6 人收藏
孟瑾,162 人收藏
弗兰西丝·奥康纳,849 人收藏
米歇尔·莫多,57 人收藏
布莱恩·奥尔迪斯,18 人收藏
西奥·格林利,1 人收藏
赫尔穆特·施奈德,8 人收藏
赖梵耘,24 人收藏
科莱特·布罗塞,77 人收藏
雅克·萨布隆,2 人收藏
平采娜·乐维瑟派布恩,11792 人收藏
保罗·梅塞,5 人收藏
杰克·托马斯,331 人收藏
马特·温斯顿,16 人收藏
张翰,1568 人收藏
拉塞尔·皮特斯,733 人收藏
杨顺清,35 人收藏
汤姆·加洛普,7 人收藏
保罗·普雷博伊斯特,4 人收藏
普特鹏·普罗萨卡·那·萨克那卡林,50 人收藏
林鸿铭,281 人收藏
埃里卡·麦克德莫特,30 人收藏
米歇尔·莫纳汉,7816 人收藏
冯国强,72 人收藏
廖启智,2229 人收藏
玛格·阿夫里尔,13 人收藏
格瑞辰·摩尔,3643 人收藏
邓肯·琼斯,7200 人收藏
威廉·赫特,1157 人收藏
苏达拉·布查蓬,335 人收藏
凯尔·钱德勒,1608 人收藏
罗伯特·塞拉,1 人收藏
约什·汉密尔顿,93 人收藏
芥川龙之介,6763 人收藏
鸿鸿,62 人收藏
森雅之,571 人收藏
迈克尔·阿登,233 人收藏
安东尼·埃斯特拉,4 人收藏
陈湘琪,677 人收藏
寺濑今日子,4 人收藏
蜜西·雅格,38 人收藏
雅尼卡·桑普蕾舞,50 人收藏
安娜·巴瑞辛尼科夫,75 人收藏
弗兰克·达戈斯蒂诺,2 人收藏
堀川仁,4 人收藏
乔·柯布登,18 人收藏
小山力也,200 人收藏
石丸博也,15 人收藏
梅垣义明,12 人收藏
斯蒂芬·亨德森,65 人收藏
川原庆久,17 人收藏
利亚姆·麦克尼尔,22 人收藏
最上嗣生,3 人收藏
古田信幸,5 人收藏
小形满,7 人收藏
阿尔·伯恩,1802 人收藏
铃森勘司,2 人收藏
冈本绫,80 人收藏
格温达·迪肯,1 人收藏
藤原启治,279 人收藏
埃帕莎·默克森,18 人收藏
林凡,988 人收藏
芝原智矢子,5 人收藏
丹尼·库克塞,8 人收藏
DaltonAbbott,0 人收藏
柚木凉香,279 人收藏
妮基·考克斯,11 人收藏
王劲松,6154 人收藏
阿卜杜勒·萨拉姆·埃尔·拉扎克,2 人收藏
小威廉·威谢尔,7 人收藏
爱德华·福隆,4911 人收藏
张艺,36916 人收藏
斯科特·肖,0 人收藏
丹妮尔·罗丝·拉塞尔,1845 人收藏
黄建新,6746 人收藏
孙毅安,21 人收藏
彼得·舒鲁姆,2 人收藏
詹妮特·戈德斯坦恩,21 人收藏
莉娅·朱厄特,7 人收藏
佘南南,96 人收藏
刘国祥,19 人收藏
丹尼·皮尔斯,2 人收藏
郭柯,1089 人收藏
DanStanton,920 人收藏
迈克·马斯喀特,4 人收藏
杰克·索恩,19 人收藏
索尼娅·布拉加,141 人收藏
戴维德·迪格斯,607 人收藏
李强,486 人收藏
马载军,5 人收藏
莎姬·贝兹,1543 人收藏
RobertWinley,902 人收藏
布莱斯·吉扎尔,261 人收藏
艾玛·特伦布莱,75 人收藏
伊扎贝拉·维多维奇,1527 人收藏
刘醒龙,16 人收藏
莎珑·华盛顿,11 人收藏
吴兴国,698 人收藏
徐学政,7 人收藏
凯尔·布瑞特科夫,19 人收藏
鲁奇娅·伯纳德,12 人收藏
R·J·帕拉西奥,12 人收藏
布莱斯·科里根,11 人收藏
托德·菲利普斯,3203 人收藏
艾尔·麦金农,58 人收藏
本杰明·拉特纳,6 人收藏
布莱恩·考伦,33 人收藏
J·道格拉斯·斯图瓦特,3 人收藏
乔·平格,8 人收藏
道格拉斯·霍奇斯,45 人收藏
杰瑞·罗宾逊,11 人收藏
斯科特·西尔弗,56 人收藏
托尼·赫德,6 人收藏
玛丽·凯特·马拉特,103 人收藏
皮特·摩根,424 人收藏
乔·奥克曼,8 人收藏
伊万·罗萨多,12 人收藏
格伦·弗莱舍尔,71 人收藏
伦尼·阿伯拉罕森,862 人收藏
艾恩斯利·丹恩,42 人收藏
卡尔·伦德施泰特,12 人收藏
温迪·古逊,99 人收藏
艾玛·多诺霍,34 人收藏
罗里·奥谢,3 人收藏
兰道尔·爱德华,9 人收藏
本·哈迪,1535 人收藏
布莱恩·辛格,2896 人收藏
汤姆·麦卡穆斯,9 人收藏
格威利姆·李,220 人收藏
马克斯·班内特,21 人收藏
梅内卡·达斯,6 人收藏
露西·宝通,5680 人收藏
罗斯·格林,7 人收藏
罗茜·本杰明,12 人收藏
乔纳森·奇塔姆,6 人收藏
耶稣·加洛,14 人收藏
布鲁斯·麦克金伦,5 人收藏
甄子丹,8387 人收藏
伊斯雷尔·鲁兹,11 人收藏
任世官,189 人收藏
查理兹·塞隆,44183 人收藏
蔡浩,1 人收藏
亚当·兰伯特,535 人收藏
蒂姆·普莱斯特,12 人收藏
安格斯·桑普森,68 人收藏
休·基斯-拜恩,67 人收藏
罗茜·汉丁顿-惠特莉,5134 人收藏
郑希怡,2042 人收藏
梅根·盖尔,254 人收藏
迈克尔·法斯宾德,39737 人收藏
乔什·赫尔曼,293 人收藏
雅基·伊多,29 人收藏
奥玛·杜姆,27 人收藏
詹姆斯·华莱士,4 人收藏
肖恩·哈普,7 人收藏
奥古斯特·迪赫,2115 人收藏
罗伯特·E·舍伍德,18 人收藏
张炭,209 人收藏
茂文·勒鲁瓦,718 人收藏
布伦丹·麦卡锡,6 人收藏
玛丽亚·彭斯卡娅,10 人收藏
阿比·丽,2975 人收藏
PhyllisBarry,8174 人收藏
弗吉尼亚·菲尔德,232 人收藏
LowdenAdams,2 人收藏
JanetWaldo,5 人收藏
泽利科·伊万内克,156 人收藏
克萝丽丝·利奇曼,325 人收藏
凯文·迈克尔·理查德森,24 人收藏
詹姆斯·瑞马尔,172 人收藏
尼古拉斯·凯奇,38432 人收藏
伯纳德·怀特,12 人收藏
井上和彦,1124 人收藏
安东尼·泽比,16 人收藏
道格拉斯·席尔瓦,42 人收藏
斯蒂夫·扎恩,382 人收藏
花泽香菜,6018 人收藏
石川界人,474 人收藏
大卫·斯特雷泽恩,1605 人收藏
孙黎,93 人收藏
宫内幸平,11 人收藏
TomGallop,7 人收藏
费尔南多·梅里尔斯,2388 人收藏
朱丽叶·里夫斯,31 人收藏
辻村真人,5 人收藏
让-马克·瓦雷,2317 人收藏
维拉·迈尔斯,763 人收藏
高志森,1339 人收藏
平坦,28 人收藏
忻钰坤,13366 人收藏
成奎安,1943 人收藏
艾莉丝·布拉加,1918 人收藏
阿尔弗雷德·希区柯克,65156 人收藏
陈庆嘉,288 人收藏
珍妮特·诺兰,46 人收藏
莫特·米尔斯,4 人收藏
贾致钢,39 人收藏
沃恩·泰勒,10 人收藏
弗兰克·艾伯森,12 人收藏
维吉尼亚·格雷格,36 人收藏
吉特·卡森,2 人收藏
麦人,18 人收藏
西蒙·奥克兰,12 人收藏
吴启华,3583 人收藏
约翰·安德森,5 人收藏
萨姆·弗林特,1 人收藏
莫妮卡·比利亚,11 人收藏
卢伦·塔特尔,1500人浏览 · 0篇文章
秦沛,2682 人收藏
乔治·埃尔德雷奇,1 人收藏
约翰·麦克因泰,15 人收藏
哈珀·弗莱厄蒂,1 人收藏
谭瓒强,5199人浏览 · 0篇文章
张敏,15993 人收藏
堤真一,5219 人收藏
泰德·奈特,3 人收藏
杰森·布莱尔,281 人收藏
前田旺志郎,172 人收藏
奥斯马·努涅斯,4 人收藏
钟绍图,746 人收藏
地亚哥·詹蒂莱,49 人收藏
斯蒂芬·托布罗斯基,84 人收藏
加藤嘉,58 人收藏
八千草薰,2982 人收藏
哈里特·桑塞姆·哈里斯,80 人收藏
克里斯·马歇尔,539 人收藏
詹妮弗·普里尔,16 人收藏
亨利·G.桑德斯,8 人收藏
克里斯·马尔基,35 人收藏
维卡斯·史瓦卢普,10 人收藏
科林·费尔斯,49564 人收藏
帕诺斯·科罗尼斯,5 人收藏
廖爱玲,9 人收藏
艾普尔·格雷斯,37 人收藏
伊迪·麦克勒格,21 人收藏
麦活·米泰尔,5 人收藏
绪形直人,45 人收藏
足立智充,17 人收藏
丹尼斯·海斯伯特,173 人收藏
凯撒·博尔东,7 人收藏
迈尔斯·特勒,3627 人收藏
乔·洛·特鲁格里奥,127 人收藏
温迪·李,23 人收藏
沙鲁巴·舒克拉,31 人收藏
王侃,27 人收藏
蒂姆·梅尔滕斯,2 人收藏
安藤樱,17092 人收藏
刘洁,210 人收藏
约翰·C·赖利,1631 人收藏
尼克·格里姆肖,24 人收藏
卡尔文·C·温布什,2 人收藏
高良健吾,8173 人收藏
吉尼瓦·塔瓦尔,7 人收藏
宋茹惠,46 人收藏
克里斯·韦奇,87 人收藏
塔克·吉莫尔,1 人收藏
马克·马戈利斯,253 人收藏
杰克·布莱克,5223 人收藏
简·林奇,1426 人收藏
克里斯汀娜·安娜波,70 人收藏
露西娅·莫尼斯,231 人收藏
宫西达也,17 人收藏
斯坦利·B·赫尔曼,3 人收藏
罗兰,1505 人收藏
托比·海明威,78 人收藏
汤唯,38482 人收藏
肖恩·奥哈根,2 人收藏
斯盖拉·阿斯丁,347 人收藏
高英轩,117 人收藏
迈克尔·多曼,447 人收藏
达格拉斯·福雷,9 人收藏
斯坦利·多南,1505 人收藏
井田国男,1 人收藏
马克·海曼,15 人收藏
连晋,158 人收藏
江川央生,11 人收藏
TommyFarrell,1 人收藏
夏洛特·阿罗诺夫斯基,17 人收藏
MadgeBlake,1 人收藏
本杰明·米派德,218 人收藏
GailBonney,1 人收藏
黛比·雷诺斯,984 人收藏
巴瑞·莱文森,1228 人收藏
JohnDodsworth,1 人收藏
布莱恩·克辛格,1 人收藏
川岛得爱,11 人收藏
凯瑟琳·弗里曼,19 人收藏
艾玛·朗,159 人收藏
斯图尔特·霍姆斯,9 人收藏
约翰·雷吉扎莫,785 人收藏
高乃丽,20 人收藏
金·多诺万,2 人收藏
扬·萨尔迪,10 人收藏
拉尔夫·塞莫,4 人收藏
兰斯·富勒,4 人收藏
梅·克拉克,91 人收藏
FredDatigJr.,1 人收藏
DavidBair,2 人收藏
丽塔·莫雷诺,345 人收藏
村上修,0 人收藏
小林优子,6 人收藏
雷纳德·洛塞特,26 人收藏
BeatriceGray,1 人收藏
凯文·康诺利,381 人收藏
肯纳G.肯普,1 人收藏
马占林,7 人收藏
TimmyHawkins,1 人收藏
米勒德·米切尔,12 人收藏
罗伯特·福捷,4 人收藏
罗伊斯·D.阿普勒加特,4 人收藏
亚瑟·克拉克,678 人收藏
井上喜久子,360 人收藏
加里·洛克伍德,56 人收藏
巴里·莫罗,19 人收藏
佐久间玲,78 人收藏
脱线,6 人收藏
肖恩·沙利文,7 人收藏
佛罗伦斯·李,30 人收藏
詹姆斯·麦斯登,4453 人收藏
瓦莱丽亚·戈利诺,1929 人收藏
韦尔达·布里奇斯,4 人收藏
海伦·艾比罗克,1 人收藏
尼古拉斯·斯帕克斯,560 人收藏
信泽三惠子,3 人收藏
吉娜·罗兰兹,2152 人收藏
雷飞,2 人收藏
键本景子,9 人收藏
迈克·拉里,7 人收藏
丸山凯伦,1 人收藏
志乃原良子,1833 人收藏
HarryClive,1 人收藏
土师孝也,7 人收藏
高畑勋,8898 人收藏
安吉拉·加德纳,3 人收藏
克劳迪奥·布鲁克,94 人收藏
理查德·麦克格纳格尔,4 人收藏
休·B·赫鲁伯,2 人收藏
蓝天野,628 人收藏
罗伯·莫洛,98 人收藏
丁国琳,609 人收藏
西恩·海耶斯,1060 人收藏
BrianCopeland,9003人浏览 · 4篇文章
丁海涛,0 人收藏
陆川,5172 人收藏
皮埃尔·巴斯蒂安,3 人收藏
庄益增,320 人收藏
JonathanMangum,1 人收藏
林连昆,73 人收藏
鲁文学,7 人收藏
张少怀,168 人收藏
赖铭堂,5 人收藏
尼基·诺瓦克,24 人收藏
本诺·施特岑巴赫,22 人收藏
谭宗尧,52 人收藏
孙峻峰,1 人收藏
老舍,4384 人收藏
李翔,106 人收藏
程中,2 人收藏
孙敬修,23 人收藏
马里奥·毛瑞尔,17292 人收藏
齐藤昌,1 人收藏
尚丽娟,52 人收藏
王大年,5 人收藏
张垒,705 人收藏
希瑟·伯恩斯,104 人收藏
乔治·塔贝,2 人收藏
迈克·马歇尔,65 人收藏
热拉尔·乌里,477 人收藏
汉斯·迈尔,11 人收藏
玛丽·马凯,30 人收藏
雅克·博杜因,3 人收藏
克拉克·格雷格,3243 人收藏
亚历克斯·崔贝克,12 人收藏
信本敬子,263 人收藏
赖因哈德·科尔德霍夫,9 人收藏
彼得·雅各布,45 人收藏
居伊·格罗索,5 人收藏
杨静怡,610 人收藏
金士杰,9918 人收藏
亨利·热内斯,3 人收藏
诺特·阿查拉那·阿瑞亚卫考,59 人收藏
凯文·苏斯曼,204 人收藏
本·汉森,1 人收藏
加布里埃尔·戈班,7 人收藏
肯尼思·洛纳根,1202 人收藏
特里-托马斯,38 人收藏
尤金·奥斯门特,3 人收藏
小亮哥,5 人收藏
园部好德,4 人收藏
Kt·巴达萨罗,5 人收藏
王启赞,199 人收藏
连凯,1348 人收藏
伊恩·沃森,1 人收藏
山姆·洛巴兹,65 人收藏
皮拉瓦特·赫拉巴特,19 人收藏
竹口安芸子,4 人收藏
惠英红,9716 人收藏
姜秀琼,216 人收藏
罗伯特·帕特里克,851 人收藏
王琄,68 人收藏
田春奎,4 人收藏
饭塚昭三,17 人收藏
谭志刚,276 人收藏
卡拉·海沃德,2757 人收藏
杰弗里·怀特,899 人收藏
玛丽·梅伦,11 人收藏
马克·克里斯托弗·劳伦斯,6 人收藏
麻生智久,4 人收藏
卡罗琳·皮克曼,7 人收藏
托马斯·马里亚诺,5 人收藏
加藤精三,8 人收藏
科林·帕特里克·林奇,6 人收藏
詹姆斯·A·伍兹,14 人收藏
雷恪生,631 人收藏
乔·莫顿,77 人收藏
路易·德·菲奈斯,4796 人收藏
LisaBrinegar,0 人收藏
肖恩·菲茨吉本,7 人收藏
朱莉娅·罗伯茨,27591 人收藏
乔尔·克莱默,3 人收藏
吴玮玲,16 人收藏
埃丽卡·麦基特里克,27 人收藏
汤屋敦子,23 人收藏
诺埃尔·达扎尔,2 人收藏
句号,383 人收藏
米莉·戴维斯,44 人收藏
宇垣秀成,8 人收藏
阿诺·施瓦辛格,11299 人收藏
诺亚·尤佩,5194 人收藏
犬山犬子,40 人收藏
但丁·佩雷拉-奥尔森,50 人收藏
萨布丽娜·格德维奇,42 人收藏
卡斯图罗·格雷拉,9 人收藏
莱思莉·汉密尔顿·格伦,2 人收藏
华森·波克彭,22 人收藏
迪恩·诺里斯,1182 人收藏
MichaelEdwards,2239 人收藏
杰森·麦金农,8 人收藏
马克·马龙,138 人收藏
肖恩·布里吉格斯,51 人收藏
杨亚洲,1030 人收藏
进藤尚美,8 人收藏
史文-欧尔·托尔森,13 人收藏
泰特·多诺万,94 人收藏
斯蒂芬·卓博斯基,610 人收藏
林海海,134 人收藏
阿隆·麦克卡斯克,186 人收藏
戈治均,239 人收藏
迈克尔·本茨,42 人收藏
安妮·比萨比亚,9 人收藏
吉姆·帕尔默,6 人收藏
马克·多兹劳,5 人收藏
京町子,2467 人收藏
纳吉·杰特,22 人收藏
泰·孔西利奥,19 人收藏
安东尼·麦卡滕,117 人收藏
吉洁特,55 人收藏
杰森·莱恩斯,6 人收藏
DonStanton,11 人收藏
阿曼达·布鲁盖尔,29 人收藏
鲍勃·凯恩,78 人收藏
佐伊·克罗维兹,3978 人收藏
迪基·博,6 人收藏
风间勇刀,6 人收藏
温谦,10 人收藏
桑德拉·詹姆斯,7 人收藏
约翰·奥特曼,59 人收藏
米克·奥罗克,4 人收藏
杰森·约翰·奇卡莱塞,5 人收藏
李惠民,429 人收藏
乔治·米勒,2792 人收藏
威廉姆·H·梅西,3850 人收藏
琳达·汉密尔顿,1236 人收藏
詹姆斯·休斯,11 人收藏
德尼·梅诺谢,371 人收藏
约瑟夫·梅泽罗,1552 人收藏
丽莉·吉欧,5769 人收藏
杰克·罗思,41 人收藏
查尔斯·A·坦伯罗,4 人收藏
黛安·克鲁格,12776 人收藏
杰克·富尔顿,24 人收藏
比尔·芬格,34 人收藏
迈克尔·科布,5 人收藏
EleanorStewart,2 人收藏
何冀平,204 人收藏
牛振华,845 人收藏
ConnieEmerald,2 人收藏
米歇尔·邓肯,13 人收藏
雅各布·特伦布莱,5609 人收藏
C.奥布雷·史密斯,22 人收藏
考特尼·伊顿,3007 人收藏
西尔维斯特·格罗特,245 人收藏
尼古拉斯·霍尔特,33237 人收藏
王彤川,25 人收藏
大卫·吉布森,5 人收藏
戴维·卡文迪什,3 人收藏
哥德昂·布克哈德,63 人收藏
塞缪尔·N·贝尔曼,7 人收藏
HarryAllen,8943 人收藏
CharlesIrwin,2 人收藏
梅拉尼·罗兰,21311 人收藏
阿里·利伯特,43 人收藏
BobbyHale,2 人收藏
GilbertEmery,340 人收藏
梅根·帕克,217 人收藏
乔治·弗罗斯切尔,16 人收藏
比尔·坎普,118 人收藏
CharlesMcNaughton,2 人收藏
JimmyAubrey,5 人收藏
马特·格林伍德,36 人收藏
汤姆·康威,12 人收藏
布丽·拉尔森,7407 人收藏
丽塔·卡莱尔,2 人收藏
王伟顺,0 人收藏
GeorgeKirby,3 人收藏
哈里·斯塔布斯,2 人收藏
DenisGreen,2 人收藏
伊莱·罗斯,1252 人收藏
赫伯特·埃文斯,10 人收藏
麦克·梅尔斯,252 人收藏
杰曼·翰苏,1215 人收藏
JohnPower,3 人收藏
WalterLawrence,2 人收藏
露塞尔·沃特森,29 人收藏
FrankWhitbeck,2 人收藏
豪尔赫·莱昂·马丁内斯,55 人收藏
林凌雅,24 人收藏
ClaraReid,2 人收藏
兰德尔·杜克·金,50 人收藏
内森·琼斯,76 人收藏
JamesMay,10121 人收藏
哈利韦尔·霍布斯,6 人收藏
里奥.G.卡罗尔,37 人收藏
史蒂芬·柯林斯,26 人收藏
劳恩·迪恩,141 人收藏
约翰·格雷厄姆·斯佩西,2 人收藏
B·J·诺瓦克,412 人收藏
格雷戈·赛斯特罗,83 人收藏
约瑟芬·白内斯,22 人收藏
爱德华·兹威克,1699 人收藏
EricWilton,2 人收藏
艾塞尔·格里菲斯,12 人收藏
阿部宽,22458 人收藏
伊丽莎白·格瑞斯,57 人收藏
尼尔·雷梅特,8 人收藏
VirginiaCarroll,3 人收藏
高桥和也,103 人收藏
FlorineMcKinney,10 人收藏
安迪·阿尼斯,5 人收藏
长岛一茂,32 人收藏
FrankDawson,2 人收藏
凯文·斯科特,15937 人收藏
小罗伊·琼斯,15 人收藏
吉姆·哈里森,10 人收藏
HaroldHoward,19 人收藏
托尼·夏尔赫布,367 人收藏
WyndhamStanding,2 人收藏
戴维·瑟斯比,2 人收藏
艾米丽·芭尔多尼,3464 人收藏
史蒂夫·维拉,2 人收藏
埃里克·约翰逊,250 人收藏
亚历克斯·马努吉安,22 人收藏
查尔斯·里维特,26 人收藏
加布里埃尔·曼,3596 人收藏
伦纳德米迪,5 人收藏
大卫·哈雷伍德,104 人收藏
田中祥平,58 人收藏
帕特·威尔士,3 人收藏
塔尼特·菲尼克斯,1377 人收藏
加布里埃尔·瑞丝,6 人收藏
伊默恩·沃克,114 人收藏
帕特里克·克劳利,0 人收藏
羽鸟慎一,8 人收藏
大卫·基尔德,2 人收藏
左时枝,26 人收藏
吉米·米斯特雷,58 人收藏
约翰·传奇,568 人收藏
尼古拉斯·布兰登,191 人收藏
斯蒂夫·巴什托尼,7 人收藏
高登·图托西斯,35 人收藏
克里斯汀·阿努,8 人收藏
特里·沃尔特斯,7 人收藏
土井洋辉,24 人收藏
大卫·诺,3772 人收藏
戈尔·维达尔,129 人收藏
克里斯蒂娜·皮克勒斯,41 人收藏
伍娜·戴蒙,97 人收藏
苏格拉底·奥图,18 人收藏
迈尔斯·安德森,25 人收藏
巴特熊,561 人收藏
大桥望美,280 人收藏
斯特凡纳·迪朗,5 人收藏
格雷格·福西特,0 人收藏
丹格里芬,1 人收藏
查德·克里斯特,11 人收藏
奥莎娜·阿金什那,2760 人收藏
道格·里曼,1871 人收藏
布莱尔·安德伍德,61 人收藏
劳伦·斯卡法莉娅,82 人收藏
劳伦·马赫,34 人收藏
垣内彩未,31 人收藏
丹尼斯·布尔加兹列夫,8 人收藏
GeorgeMarshallRuge,3 人收藏
山口智子,4785 人收藏
伊万·舍甫多夫,13 人收藏
布丽姬·穆娜,2121 人收藏
所乔治,27 人收藏
亨利·托马斯,308 人收藏
肯尼斯·威尔什,32 人收藏
考莉·埃尔南德斯,562 人收藏
矢野显子,117 人收藏
威廉·D·威特利夫,11 人收藏
原沙知绘,158 人收藏
汤姆·艾弗瑞特·斯科特,148 人收藏
奥莉维亚·汉密尔顿,47 人收藏
特雷弗·里斯奥尔,13 人收藏
查尔斯·安德烈,0 人收藏
玛丽·凯瑟琳·歌瑞森,5 人收藏
卡琳娜·隆巴德,1042 人收藏
马修·罗伯特·凯利,0 人收藏
辛德拉·车,14 人收藏
登普西·帕皮恩,5 人收藏
麦迪·科尔曼,10 人收藏
伊桑·桑德勒,6 人收藏
肖恩·史密斯,1 人收藏
肯·科齐格,22 人收藏
宫泽理惠,15527 人收藏
尼格尔·本内特,5 人收藏
本·卫肖,40868 人收藏
细田守,8422 人收藏
弗朗卡·波滕特,2383 人收藏
谢恩·辛努特科,1 人收藏
莎拉·弗里斯蒂,411 人收藏
马蒂亚斯·勃兰特,34 人收藏
维克多·埃菲尔,20 人收藏
马克西姆·科瓦莱夫斯基,0 人收藏
卡瑞尔·罗登,86 人收藏
芬·维特洛克,3119 人收藏
拉利塔·拉伊米,0 人收藏
克里斯·库珀,1379 人收藏
奥寺佐渡子,411 人收藏
信达·亚当斯,7 人收藏
贾森·福克斯,28 人收藏
立木文彦,120 人收藏
M·K·拉伊纳,0 人收藏
艾米·科恩,19 人收藏
ClaudioManiscalco,0 人收藏
瓦拉里·雷·米勒,15 人收藏
山本圭子,10 人收藏
茅斯·达夫,437 人收藏
妮科尔·库隆,18 人收藏
马里乌斯·代·弗里斯,10 人收藏
杰西卡·罗德,5117 人收藏
弗朗索瓦·萨兰诺,1 人收藏
伊恩·布罗茨基,2 人收藏
洛朗·德巴,2 人收藏
克里夫·欧文,7121 人收藏
吉米·帕伦博,15 人收藏
克里斯托夫·谢松,3 人收藏
马蒂亚斯·哈比希,26 人收藏
ManoloGarcia,0 人收藏
关户优希,7 人收藏
克劳丁·克劳迪奥,7 人收藏
西蒙·德兰尼,5 人收藏
兰斯洛特·佩林,2 人收藏
杰夫·丹尼尔斯,2470 人收藏
罗恩·沃斯,1 人收藏
板仓光隆,5 人收藏
基夫·范登·霍伊维尔,8 人收藏
亚当·莱文,2498 人收藏
汤姆·提克威,9948 人收藏
皮尔斯·布鲁斯南,6328 人收藏
丽丽·博尔丹,120 人收藏
席洛·格林,89 人收藏
石田卓也,132 人收藏
西恩·托马斯,23 人收藏
中村正,5 人收藏
佩里·米尔沃德,15 人收藏
宝拉·马米妮,5 人收藏
谷川清美,6 人收藏
达席尔·萨法瑞,163 人收藏
马科·阿桑特,1 人收藏
塔奈·切赫达,41 人收藏
大卫·彭德尔顿,2 人收藏
大卫·埃伯利斯,2 人收藏
麦克·琼斯,12 人收藏
尼古拉斯·丹尼尔·冈萨雷斯,1 人收藏
索纳利·萨查德夫,6 人收藏
桑贾伊·达迪克,0 人收藏
基恩·鲁弗洛,1 人收藏
罗德莎·琼斯,1 人收藏
帕特里克·聚斯金德,53 人收藏
大卫·卡尔德,44 人收藏
吉娜·戴维斯,2620 人收藏
贝尔恩德·艾辛格,49 人收藏
苏珊娜·洛塔尔,230 人收藏
詹妮特·海因,129 人收藏
卡罗丽娜·维拉·斯克利亚,25 人收藏
MoritzGrove,11517人浏览 · 4篇文章
石森达幸,7 人收藏
杰西卡·施瓦茨,145 人收藏
大黑优美子,516 人收藏
维品·沙尔马,7 人收藏
卡洛琳·赫弗斯,834 人收藏
托尔斯滕·米凯利斯,4 人收藏
卜冠今,4670 人收藏
拉维·汗维尔卡尔,0 人收藏
尚卡尔·萨查德夫,0 人收藏
陈数,10742 人收藏
高雄,943 人收藏
尹秀晶,36 人收藏
蒂丝卡·乔普拉,51 人收藏
戴维·黑尔,594 人收藏
弗里德里克·贝希特,235 人收藏
阿尔芭·罗尔瓦赫尔,1896 人收藏
金秀美,165 人收藏
保罗·吉尔福伊尔,93 人收藏
布格斯·巴尔加瓦,0 人收藏
Marie-AnneFliegel,11517人浏览 · 4篇文章
安迪·威尔,261 人收藏
唐纳德·格洛弗,2368 人收藏
瑞切尔·豪斯,57 人收藏
弗罗里安·巴西奥罗麦,157 人收藏
纳瓦祖丁·席迪圭,103 人收藏
娜奥米·斯科特,9032 人收藏
瓦莱里奥·马斯坦德雷亚,120 人收藏
秋昌旼,115 人收藏
德鲁·戈达德,652 人收藏
朱恩·斯奎布,137 人收藏
保罗·克斯泰拉,6 人收藏
麦肯兹·戴维斯,10665 人收藏
理查德·艾欧阿德,4111 人收藏
马可·贾利尼,117 人收藏
凯普·鲍尔斯,72 人收藏
小野坂昌也,200 人收藏
菲利波·博洛尼亚,5 人收藏
菲利西亚·拉斯海德,54 人收藏
马戈·霍尔,2 人收藏
科拉·尚波米耶,4 人收藏
凯茜·卡瓦蒂妮,14 人收藏
木村亚希子,23 人收藏
阿德沃尔·阿吉纽依-艾格拜吉,144 人收藏
福琼·费姆斯特,8 人收藏
片冈富枝,5 人收藏
朱塞佩·巴蒂斯通,54 人收藏
津田匠子,3 人收藏
大力,1935 人收藏
大中宽子,256 人收藏
迈克尔·马德森,2171 人收藏
詹姆斯·柯登,1510 人收藏
安吉拉·贝塞特,1280 人收藏
王峰,5 人收藏
佐伯志,2 人收藏
迈克尔·康特里曼,3 人收藏
沙拉蒂·瑟斯纳,13 人收藏
