,score,city,comment
0,1.5,哈尔滨,水军太多了，电影粗制滥造
1,5.0,郑州,很欢乐哈哈哈
2,5.0,天津,大部分男人都是，现任却总忘不了初恋，但时间会证明。
3,2.0,北京,"好笑吗？一般吧。这部电影刚出的时候被大力推捧，我看不下去，那时候我以为我是看不下去沈腾，现在我才发现原来我是看不下去马丽，30多岁还显老的人扮高中生，唉。
看影评很多人看完想起初恋，哈哈哈哈哈哈，能从小美到大的初恋也是没那么容易啊！"
4,4.5,珠海,好搞笑 挺不错的
5,5.0,长春,和他初识看的第一场电影🎬后来他成了我男朋友。
6,4.0,潍坊,笑尿了一段，不伦不类的感觉
7,5.0,三河,开心麻花的第一部，也是最经典的一部，后面的电影无法超越的一部，故事情节很赞，沈腾马丽艾伦尹正王智都演的深入人心，非常经典，结尾也相当感人。
8,5.0,吉林,杠杠滴！！！
9,4.0,丽水,沈腾团队的经典之作
10,3.5,北京,来来来，是谁说的看《夏洛特烦恼》哭成狗的？我保证不打你！看到熟悉的旅顺口风光和老街还是挺激动的，还有家门口的“碧海蓝天”，里面原来那么豪华啊，电影还行，笑点挺多。
11,5.0,沈阳,看了好几遍了
12,5.0,宝丰,好棒啊好棒啊
13,5.0,宝鸡,刷了好几次，
14,5.0,潍坊,超级搞笑的 开心麻花加油
15,5.0,天津,大家都在说，有一个爱你的人不容易。我觉得这不重要，最重要也是最难的，是你真正知道你爱谁。港囧和夏洛特都在说明这一个问题。 你所真正爱着的，不是你的远方，你的遗憾和你未完成的青春。是就在你身边给你温暖的他/她。
16,5.0,广州,★★★★★☆11分（满分10+附加分1）。平时第一次给一部电影评11分，因为要和我之前评的满分电影拉开区分度。前面四分之三从头爆笑到尾，后面四分之一开始沉默、思考然后哭笑不得、笑泪交织。配乐，绝了！笑点，发自内心的大笑，没有一个点是冷场的！感悟，只要领悟到了，必是脱胎换骨的！夏洛特烦恼，让我由衷的为中国电影感到骄傲……
17,5.0,常州,好看…………
18,4.5,海口,很好看，很不错
19,5.0,深圳,太好看太好看
20,5.0,南宁,开心麻花最好的一部电影吧，有笑点也很感动
21,4.5,合肥,哈哈，超级搞笑，非常不错
22,5.0,合肥,我滴妈耶，这都是好早以前看的了，很好啦，很棒
23,3.5,长沙,还可可可可哈
24,3.5,长春,影片还是挺搞笑的，就是某些剧情有些低俗了，三观也不太正
25,5.0,安庆,好看好看好看
26,5.0,鄂尔多斯,第一部让我感动的喜剧
27,5.0,北京,在优酷补补，太好看了
28,3.5,南昌,国产片感觉越拍越好了
29,5.0,漯河,很好，承包了我整个笑点
30,4.0,广州,第一次看开心麻花出品的电影，很欢乐的同时有教育意义，👍
31,5.0,深圳,开心麻花的电影一如既往的搞笑开心
32,4.0,深圳,如果那不是一个梦，夏洛就那么的病死了，这样的结局才能升华主题。还是中国戏剧根深蒂固的“大团圆”结局，不管为了照顾观众情绪还是为了别的什么，反正收尾无力。一只想吃天鹅肉的癞蛤蟆，当它终于吃上梦寐以求的天鹅肉，去又开始怀念癞蛤蟆的生活。纵然爱情、生活能给你重新选择一次的机会，你就能活得没有遗憾了吗？大概不能。就像那首点题的《一次就好》，只要能为爱疯狂一次、为生活认真一回，就没什么可追悔的了，毕竟时光永远向前。反复听着这首歌，突然醒悟，青春悄无声息在指尖流逝，我却不曾经历过歌里的那种美好。这些年来，在自由随心、声色奔腾的日子里，纵然得到了“肉”的解放，青春岁月里最美妙的乐章却变得越来越遥不可及……
33,4.5,北京,太好笑了，全程就没停下来
34,5.0,南昌,开心麻花电影必看！
35,5.0,青岛,"好看
意义不一样，喜欢"
36,5.0,琼海,好看！！！！
37,5.0,江都,喜欢沈腾和马丽，确实很赞，值得购票去影院观看一场。
38,3.5,武汉,"15-10-02   横店电影城（首义汇店）
又是穿越到过去的老梗，实在是没什么创意，里面很多桥段也很俗套。不过开心麻花作为话剧团队，喜剧功底还是很深厚的，旧瓶装新酒，照样能让观众爆笑不止。作为银幕处女座，这个表现还是不错的。"
39,5.0,清徐,沈腾的喜剧，有笑点也有泪点，感动的喜剧，戳心。
40,4.0,台州,不错还蛮好看的
41,5.0,大连,还不错六个字
42,5.0,白山,看过以后，感觉还不错
43,4.5,温州,难得的国产电影拍摄这么不错，挺好的剧本。看完电影感悟就是：人真的是失去了才恨自己拥有的时候不去好好珍惜那些往事人情，有一个不离不弃的人是一种福气也是幸福，给沈腾打call ！~希望开心麻花的作品越来越精彩！！
44,4.0,南川,很搞笑的，特喜欢看他演的
45,4.5,溧阳,电影蛮搞笑的，不错的，基本从头笑到尾！
46,5.0,上海,当年自己一个人看的，哭的和傻子一样，今年和女同事一起看的首富，和朋友看的铁拳，想来还是这个印象最深
47,4.5,天津,哈哈，好看，值得推荐
48,5.0,驻马店,开心😁～～～
49,5.0,焦作,好看！！！！！！
50,0.5,上海,超烂，不要在放咉了，大家都不要去看了！！！
51,5.0,合肥,来自2018的评价
52,5.0,乌鲁木齐,好看！！！！
53,5.0,大连,真是太搞笑了！
54,5.0,合肥,好评好评好评好评
55,4.0,西安,不错，挺好看的
56,4.0,拉萨,好看，祝生意兴隆，祝生意兴隆
57,5.0,兰州,找一个相爱的人，简单、质朴，踏踏实实的过日子才是人生最大的幸福。这是看完电影《夏洛特烦恼》给我最大的感受。导演通过讽刺，批判叙事方式，反映现实社会当中被金钱，奢靡浮华的物质生活吞噬良心的人的生活，揭露社会存在的人性问题。有利于传递向上向善的正能量思想，引导青年人积极健康的成长，净化社会风气，体现了社会主义核心价值观。电影通过描写男主人公夏洛怎么样一步步努力唱歌，追求梦寐以求的女神女二号肖雅，克服种种困难，成为明星大腕，实现人生梦想。所不幸的是被金钱、权利、欲望蒙蔽了双眼，陷入困境，在现实无情的摧残自我反思下，想起了以前无条件喜欢自己的马冬梅才是自己的最爱，可是身患艾滋，再也无法与她一起过日子…
58,4.5,上海,挺有意思的，好
59,5.0,赤峰,可以，挺好看的
60,3.0,上海,没有去电影院看，手机看的，一般般，没有铁拳和首富好
61,5.0,顺德,好看，以后继续团购，优惠
62,5.0,上海,看了麻花的舞台剧再看电影，也还是觉得不错
63,5.0,西安,好好好，下次还去
64,5.0,江油,"好看
。。。。。。"
65,5.0,贵阳,完美完美完美
66,5.0,安阳,不错，值得推荐
67,1.0,潍坊,红玫瑰与白玫瑰，不好的回忆。
68,5.0,淮安,电影拍的不错，下次再来光顾
69,4.5,深圳,觉得沈腾挺帅的哟😊电影 很不错，继续加油！
70,5.0,武汉,还可以吧……
71,5.0,徐州,好好好，很不错
72,5.0,沈阳,笑点十足，情怀与时代气息兼具。
73,4.5,郑州,赞赞赞重要的事情说三遍
74,5.0,苏州,非常好呀，我感觉很不错，下次还来!
75,5.0,北京,热情周到，主动介绍服务对象和周边环境；住宿条件宽蔽明亮
76,5.0,寿光,"有笑点
有泪点"
77,5.0,清徐,挺好看的，推荐
78,5.0,哈尔滨,好看，很好笑
79,4.5,北京,还不错，喜剧中带着悲剧，
80,4.0,宜昌,虽然荒诞没太大营养 但作为休闲还行
81,5.0,通化,真的好看！！！！
82,5.0,太原,很好看！！！
83,4.5,盐城,炒鸡搞笑〜(￣▽￣〜)
84,5.0,连云港,这个影评资格原来可以保留这么久，最近看了沈腾的西虹市首富，感觉真不错，沈腾是一个喜剧大师
85,5.0,临安,看过，挺好看，😜
86,4.5,库尔勒,讲的很现实，确实现在人但是失去后才懂得珍惜
87,5.0,汕尾,超级好看的啊啊啊啊特别喜欢，搞笑死了
88,4.5,沈阳,挺搞笑的支持
89,4.0,广州,不错，情节切换得很自然
90,4.5,北京,昔日校花秋雅（王智饰）的婚礼正在隆重举行，学生时代暗恋秋雅的夏洛（沈腾 饰）看着周围事业成功的老同学，心中泛起酸味，借着七分醉意大闹婚礼现场，甚至惹得妻子马冬梅（ 马丽 饰）现场发飙，而他发泄过后却在马桶上睡着了。梦里他重回校园，追求到他心爱的女孩、让失望的母亲重展笑颜、甚至成为无所不能的流行乐坛巨星。 醉生梦死中，他发现身边人都在利用自己，只有马冬梅是最值得珍惜的。所以，在他梦醒又回到现实时，再也不愿离开马冬梅，进而衍生出了“夏洛抱”。
91,5.0,长治,好看的电影真的很好看
92,4.5,渭南,沈腾暴打老师那段，简直太解气了
93,4.5,北京,看完开心麻花第三部电影🍅，借机来mark一下2015年看的开心麻花第一部电影，也是看了这部电影之后开启了打卡开心麻花舞台剧之旅，至今已看过《李茶的姑妈》、《牢友记》、《乌龙山伯爵》、《婚前旅行指南》…我属于笑点不高的，所以感觉还不错，全程爆笑了好多次～当时还处在刚和男朋友分手期间，所以最后的《一次就好》把独自去看电影的我眼泪逼出来不少😭现在我老公（嗯就是当时分手的那位男朋友）已经把《一次就好》作为10月份婚礼备选的演唱歌曲😉
94,4.5,青岛,时隔三年，又看了一个，这次没有了第一次看的时候不停的爆笑，毕竟所有的梗都知道了，但是在夏洛去马冬梅家吃茴香面的时候，还是热泪盈眶，总觉得现在的爱人不满意，可是如果穿越回以前，我相信我自然会选择现在的她
95,5.0,深圳,这个片子到底是搞笑的煽情还是煽情的搞笑？
96,4.0,慈溪,最喜欢的一部喜剧片，现在还会看
97,5.0,临沂,笑点较高………………
98,5.0,台州,通过此片，第一次接触开心麻花，搞笑之余还有温情，虽然笑点有些挺干，也不失成功的商业喜剧电影
99,5.0,上海,好久没看过这么开心的喜剧了，
100,5.0,秦皇岛,很不错，货真价实，童叟无欺，知友速来。
101,5.0,鄂尔多斯,刚刚在电影院看我，真好看，没有去年的妇联2好看。。。。
102,4.5,徐州,"""下午刚看完西虹市首富，然后过来看让我第一次感觉惊艳的开心麻花的夏洛特烦恼，记得当时和朋友一起从电影院出来，便安利其他朋友去看，还疯狂的查她们的资料，不仅笑点密集不尴尬，而且很有意义但是后来的开心麻花作品却让人感觉像尴尬的春晚小品~~~"
103,5.0,沧州,且 行 且 珍 惜
104,5.0,襄阳,完美还可以还可以
105,3.5,绍兴,初看时还觉得笑料挺足，沈腾的表演也很好，更是留下了那个著名的鬼畜片段“马冬梅”。可是第二次看就觉得这部片三观让我失望，*丝逆袭被搞成了抄袭成名，女主竟然对于这样渣的人还是冰释前嫌。诶又让《一剪梅》火了一把
106,5.0,富阳,好可怕，这已经是三年前的电影了，时光飞逝啊简直
107,1.0,台州,"我不是药神
我刚刚参加。不能不让自己成为一个？好像我想找出一个劲地说出自己的问题……这是因为我们之间关系"
108,4.0,北京,成功的喜剧片
109,4.5,北京,"马东什么
马什么梅
什么东梅
光这三句话就够我笑好几年了"
110,5.0,北京,好看没得说！
111,5.0,成都,笑到肚子疼，从此爱上开心麻花
112,5.0,昆明,感觉还不错。
113,4.0,无为,对于没有看过原话剧的观众来说，这是一次不俗的体验。全程高能爆笑，典型开心麻花的风格，贱贱的沈腾，傻乎乎的艾伦，还有田雨的老师非常亮眼，且笑点偏于北方观众。故事是俗套的穿越奇幻类，依旧心灵鸡汤而没什么营养，不过该片鬼马的喜剧效果才是最大亮点，没内涵但很搞笑，国庆档的惊喜
114,5.0,成都,很好，很好看。
115,5.0,河源,超级搞笑，很好看????????
116,5.0,南京,非常好看呀呀呀哟
117,4.0,荆门,很有感触，开始以为是一部纯搞笑的电影，抱着去乐一下的心态，没找到电影中给了一个很感触的启发，有很多人想传回去从新来过，但我想最后得到的答案有可能跟夏洛一样的答案，原来的才是最好的，最初的才是最好的
118,5.0,黄山,和她一起看的
119,5.0,昆明,很好的电影，让我回想起曾经的过往！
120,5.0,西安,特别好看。特别喜欢。再看一遍都可以
121,4.0,青岛,时间太久忘了
122,5.0,常州,很喜欢很喜欢
123,4.5,北京,非常好，唯一不足的就是结尾有点儿草
124,5.0,青岛,妈啊 太好看了 回想起夏洛特烦恼简直是近年看的最好看的国产电影
125,5.0,大连,好看好看好看好看
126,5.0,兰州,好，高评分电影
127,4.0,薛城,难得一见的国产高分喜剧
128,3.5,靖江,很好笑 看的很开心
129,5.0,成都,夏洛特烦恼了
130,5.0,深圳,挺搞笑的 便宜
131,5.0,上海,这是我迄今为止最喜欢的一部喜剧片，回味无穷
132,5.0,大庆,"特别喜欢！特别搞笑！人生中的第一个在电影院看的电影，值得纪念！
妈妈说，其实就是讲了一个非常简单的故事，珍惜眼前人"
133,5.0,昆山,好看  棒棒哒
134,3.5,广州,不错，我看了笑点还密集，都是语言包袱。
135,5.0,北京,哈哈哈，特别搞笑
136,5.0,慈溪,好看，喜剧片总有让人发笑的看点
137,4.5,驻马店,，，，，摸摸哒！！
138,4.5,武汉,好看！好看。国产佳片！
139,5.0,昆明,再回头看的时候，后悔那时候没有听沈腾的买房，买房！现在18年的房价是15年的一倍还要多.......说什么好，那时候还笑，真的和大春没有区别啊
140,4.0,泰安,可以可以可以
141,5.0,北京,好看好看好看
142,4.5,大连,没有失望的一次电影之旅
143,5.0,广州,好看好看好看
144,4.0,扬中,剧情挺搞笑的~
145,5.0,鄂州,好看以后多拍点
146,5.0,沈阳,容华只觉秋雅香，贫困才知冬梅好。
147,5.0,宣城,物是人非……
148,5.0,深圳,看的最好的电影了
149,4.5,杭州,很感动，很搞笑，恒久不变的主题“珍惜身边平凡的幸福…”希望我们都做得到！
150,5.0,泰州,很划算，下次还团
151,4.5,义乌,太好玩了，这个影片非常喜欢，会介绍给朋友看。
152,4.0,孟津,珍惜眼前人，善待喜欢自己的人
153,5.0,松原,好看，不错。
154,5.0,武汉,很完美，近三年看过的最好的，没有之一。
155,5.0,上海,好看好看好看
156,4.5,玉环,虽然演员看起来老了 但是剧情真心不错
157,4.5,宝鸡,很喜欢开心麻花的作品，总是给人意外的惊喜和欢乐
158,5.0,惠阳,曾经的曾经。
159,4.5,内江,赞。。。。。。。。。。。。。。
160,5.0,徐州,很难忘的观影体验，和最喜欢的人在一起去看
161,5.0,信阳,好看的不得了
162,5.0,赣州,看着还不错，
163,4.0,北京,搞笑，卷帘门！
164,5.0,沈阳,好搞笑的一部电影，剧中的插曲《一剪梅》总是在搞笑的时间播放，结束时播放，很多观众都回头看向大屏幕
165,4.0,江阴,很搞笑，和老婆看的很开心
166,5.0,云浮,好看，好看，好看，
167,4.5,博爱,集搞笑与内涵一体的极品电影，好久没有看过这么自然催泪的好片子了。开心麻花继续加油！
168,3.0,德清,不是很喜欢这个电影。剧情还算有新意，但深究这个电影所透露的观点让我很难受，男主穿越前好高骛远无所事事，靠老婆养还惦记着初恋可谓是世纪渣男。穿越后更是靠着剽窃别人的作品走上大红大紫的道路，娶到了自己的梦中女神吧，还出去乱搞导致自己得了艾滋可谓是真小人真渣男了。最后虽然幡然醒悟，但看结尾也是废人一个天天腻着老婆仿佛童话故事一般HE了，我真是哔了狗。明明第二世马冬梅的生活还是很美满的，虽说老公有点傻但是真的爱她，为什么最后就一定要和夏洛这个渣男在一起呢？难道在编剧看来女人就应该像圣母一样吗？一个人撑着两个人的家吃苦也就算了，还要忍受自己老公心里一直惦记着别人，这么卑微的爱到底有什么幸福可言？
169,4.5,深圳,不错，太搞笑了
170,3.5,武汉,挺欢乐的一群人，等到失去后才会珍惜
171,5.0,长春,很喜欢！看了4遍
172,5.0,临沂,三年过去了，愿你好
173,3.0,宁波,就很感慨，男人都是大猪蹄子
174,5.0,秦皇岛,无敌好看 看了N遍
175,4.0,北京,非常好的片子
176,5.0,珠海,"唯一一次和某人去看，毕竟是最好的回忆。。。。
很搞笑的一部电影，但是又不尬，好评〜(￣▽￣〜)"
177,4.5,西安,很满意很满意很满意很满意很满意
178,5.0,曲靖,完美，很感人的片子，
179,4.5,呼和浩特,诙谐幽默 引人深思
180,4.0,太仓,如果时光倒流，该多好。
181,5.0,常州,烦恼中寻找快乐，值得一看
182,5.0,诸暨,重新翻了翻猫眼，重新翻了翻回忆，阿清，毕业快乐，愿你余生安好
183,5.0,北京,看了n遍非常好看
184,5.0,延边,很好非常好看
185,5.0,昆明,满分电影，好看！
186,5.0,东莞,跟最爱的人去看的，很开心，很好看，很搞笑，我爱你漫漫
187,5.0,广州,很好，好久没看这么搞笑的电影了
188,4.5,南京,太好看了，笑点十足
189,5.0,北京,很好看，笑点超足。也有泪点
191,5.0,湖州,看完这个电影以后和男朋友在一起啦，永远甜蜜，永远开心～
192,4.5,太原,从一开始的笑到哭
193,5.0,贵阳,搞笑值得看看
194,5.0,北京,棒极了！！好看了！！人在旅途！！！
195,4.5,济南,剧情吸引人，喜剧色彩浓厚，演员比较投入
196,4.5,孝感,看了还可以，
197,5.0,开封,好看 很多笑点
198,5.0,济南,苗宇，感谢十七岁那时有你的陪伴🙂之后你我各自离开北京，分开两年已久，断了所有的联系方式。再未遇见！我猜你应该有男朋友了吧，随遇而安，永远再见！
199,0.5,北京,说好看的，我只想问一下，如果你的对象是像夏洛这样一个软饭男，就算梦回高中后都只是一事无成地躲在你的肩膀下面，你很乐意？反正我如果有这样的渣男对象，铁定分手。不喜欢就别勉强在一起，没幸福。
200,5.0,珠海,这是我们看的第一场电影 也是她最喜欢的电影之一 事后她说很喜欢里面的主题曲 我以为她会更懂得珍惜 我后来学了吉他弹奏 记得她不在身边我一个人呆宿舍的时候 我总去看她喜欢的那几部电影 后来怎么就变成这样了
201,5.0,深圳,完美，。。。。。
202,5.0,上海,It was where love began
203,3.5,天津,比较棒的电影喜剧小品元素为主的开心麻花原班人马打造 看的开心也有很多讽刺元素
204,5.0,沈阳,特别特别好。。
205,5.0,无锡,和妈妈一起看，感觉很青春。
206,5.0,太原,能笑死，整场没停过笑声，满满回忆，至我的青春岁月
207,4.0,南京,马什么冬梅？
208,5.0,宁波,电影院二刷！
209,5.0,嘉兴,*丝意淫之作，黄粱一梦浪子回头
210,5.0,鄂尔多斯,好看，很搞笑，好评！
211,4.5,绍兴,话剧到电影完美的转换
212,3.5,合肥,不错👍 还是比较喜欢的
213,5.0,大庆,很不错，搞笑！
214,4.0,长沙,不错不错，挺搞笑的。
215,5.0,武汉,有灵魂的生活喜剧
216,5.0,安丘,好笑，非常的好
217,4.0,云浮,全场都在笑，但也有泪点。里面有很多经典的元素，细细品味的话还是能感觉得到导演和编剧的用心。
218,3.5,成都,少有的优质喜剧片
219,4.5,贵阳,看了捧腹大笑的电影
220,5.0,惠阳,好看，非常喜欢的一部电影 !
221,3.5,沈阳,开心麻花从来不让人失望 虽是老梗但总是能玩出属于自己的新花样 大春 夏洛 秋雅 冬梅 春夏秋冬一个轮回 年年岁岁花相似 岁岁年年人不同
222,4.0,香河,能勾起我的某些情怀，开心麻花的作品确实品质保障
223,3.5,北京,好电影，哈哈的，还有感人戏
224,4.0,武汉,一般般吧，普通一喜剧片
225,5.0,厦门,666.........
226,5.0,商丘,很好！值得去看！
227,5.0,郑州,不错，很好看，！
228,5.0,兰州,三年了还在等我评论……
229,4.5,韶关,看了挺开心的
230,4.0,深圳,还可以吧！适合我看的，
231,5.0,广州,一眨眼三年过去了，现在才看到当初我和你看过的这部电影，咱还缺个影评。如今的你在哪里?不管好坏与否，你都会偶尔想起我吗? 夏洛一觉睡醒就发现此生最珍贵的东西还在身边，而我则永远失去了你，伊萧静。
232,5.0,广州,非常非常非常好看，梗新、演员好、有情怀、有节奏、有意义
233,0.5,商丘,是我目前最后悔的一次看电影，因为这是我请一个渣渣贱男看的，渣渣***
234,5.0,贵阳,心情不好的时候时不时过来重温一下，优秀的国产喜剧，无人超越，非常非常赞👍
235,5.0,上海,值得一看，全程无尿点，爆笑全场！
236,5.0,抚顺,好看，，，，，，，，
237,4.5,长沙,看着挺开心的，开心之余又有感触，生活就是这样……
238,3.5,淮安,好看，搞笑，
239,5.0,慈溪,很喜欢！看了无数遍
240,5.0,廊坊,开始的时候剧情台词很好笑，到最后满满的感动。
241,5.0,石家庄,足够爆照，足够煽情，足够优秀
242,5.0,大连,很好！！！！！！
243,5.0,伊春,特别搞笑，不错的电影。
244,5.0,营口,很不错的片子，至少在今后一个时期很难被超越的喜剧
245,5.0,资阳,我觉得还OK！
246,5.0,深圳,不错不错不错
247,4.0,郑州,现在才评。水哥经验
248,4.5,天津,高中时期的过往 很开心
249,5.0,徐州,恨不错的电影
250,5.0,日照,给喜欢看评论的人看的
251,3.5,大同,搞笑不错！加油无鞋
252,4.5,桂林,挺搞笑的！！！
253,4.0,合肥,一般般吧！。
254,5.0,郑州,给满分吧，感觉挺有意义的，又是国产的
255,5.0,赣州,陪别人的老婆去看的，老抓我的手，什么鬼，一手水
256,5.0,苏州,大春，夏洛，秋雅，冬梅，一年四季！大春一语知年少，夏洛一醒道青春，繁华只觉秋雅香，平淡才知冬梅好。
257,1.5,武汉,不好看！没感觉
258,3.0,天津,一般般，不喜欢
259,4.5,济宁,老婆，我再也不想初恋了☺
260,5.0,哈尔滨,很喜欢的影片，很有意义
261,5.0,郑州,迄今为止，最喜欢的一部国产喜剧电影！
262,4.5,东莞,很有意思的一部喜剧电影
263,5.0,秦皇岛,看几遍都觉得特别棒的电影，沈腾真的可以扛起中国未来喜剧届的大旗
264,5.0,北京,简直太搞笑了
265,4.5,金坛,"好久前看的，没给影评，
记得还不错哦"
266,3.5,成都,可以可以可以
267,4.5,齐齐哈尔,特别可乐的喜剧
268,5.0,盘锦,大爷，你好，什么冬梅？
269,4.5,北京,好看好看~看了好多遍
270,4.5,常德,棒棒棒哒！!
271,5.0,秦皇岛,喜欢开心麻花 千百遍不会烦
272,5.0,淮南,好看很好看非常
273,1.5,晋江,三观不正的电影！
274,5.0,乌鲁木齐,好看的不得了
275,4.5,梅州,很好，很有趣
276,5.0,盱眙,玛丽演的真好
277,5.0,西安,好极了。。。。
278,5.0,黄山,好看好看好看
279,5.0,石家庄,很好看 特别搞笑
280,4.0,南宁,很搞笑的片啊。。。
281,4.5,宜昌,好看！好看！好看！
282,4.0,沈阳,挺逗的，很有意思，挺喜欢的！
283,4.5,郑州,挺欢乐的，歌也很契合
284,5.0,沈阳,太逗了，很搞笑
285,5.0,北京,笑点十足，合格了！
286,5.0,双城,"好
特别逗，有意思"
287,4.0,上海,还有点意思吧
288,4.0,嘉善,好看  好看。。真心觉得好看
289,4.0,广州,满意满意满意满意满意
290,4.0,玉林,很多小惊喜的笑点，刷第二次的时候才知道这些笑点
291,4.5,北京,看了3遍！很棒很逗！！！
292,4.0,北京,开心麻花的开创之作，沈腾马丽成名之作，笑点十足，值得票价。
293,5.0,如东,非常好看，特搞笑
294,4.0,上海,挺好看的 好笑
295,4.0,莆田,笑点密集 而且对于90的年代的还原很有年代感 以及各种BGM真的是炉火纯青
296,5.0,胶州,好极了，很喜欢
297,5.0,安阳,印象挺深刻的。
298,5.0,哈尔滨,真的是完美的一部作品。记录第十刷
299,5.0,利津,开心麻花的笑点太密集了，电影院三刷
300,5.0,上海,特别搞笑，好看不错不错
301,4.5,仁寿,还不错哟。。
302,5.0,绍兴,又俗又耐看！
303,5.0,襄阳,好看好看好看
304,4.0,上海,"新一派的中國式喜劇, 輕輕鬆鬆笑一笑還是不錯的"
305,5.0,即墨,完美至极，完美至极
306,5.0,哈尔滨,喜欢看 喜欢
307,5.0,上海,非常不错的一部喜剧电影，很看好你们哦！
308,4.5,广州,s三年前看的电影，现在回味也很有意思
309,5.0,长春,这是开心麻花最完美的作品，整场都是笑点，让人捧腹
310,4.0,青岛,时间起来嗨就
311,5.0,重庆,最好看，没有之一
312,4.5,南宁,一fgdcvjiugddhj
313,5.0,昆山,很好看，剧情搞笑，值得一观
314,5.0,南京,完美，后来又看了几遍
315,5.0,合肥,剧情超级搞笑的，哈哈哈哈哈哈哈
316,5.0,敦煌,想回到从前追我们学校的校花！
317,5.0,贵阳,经典啊，很喜欢，很好看。
318,4.0,上海,笑料挺多的。
319,4.5,北京,当时跟她一起看的，她还问我为什么没有哭
320,5.0,南昌,值得我们去再看
321,5.0,璧山,和一个美女一起看的，如今她嫁人了。😃
322,4.5,潍坊,挺好。搞笑的很。值的再看一次
323,5.0,西宁,带着老妈一起看的，搞笑，也有一些生活意义。很好看。
324,4.0,萍乡,感觉还可以吧。
325,4.5,沈阳,很不错的一次体验，方便快捷，影片超赞，乐翻全场😊
326,3.5,宁波,算意外吧。。。
327,5.0,常州,很有意思的一部作品。
328,4.5,咸宁,反正很好笑，梗一个一个抛开
329,5.0,合肥,一部好电影，至今回味无穷，电影院看的好几遍，平常没事就看一遍回味，就像周星驰的经典喜剧电影一样，不可复制，每次看都会有不同的感受，良心之作。
330,5.0,大竹,可以可以可以
331,4.0,北京,搞笑，轻松，适合放松
332,4.5,项城,不错，很满意，环境喜欢，满分
333,5.0,武汉,夏洛特搞笑，挺搞笑的
334,5.0,北京, 快过年了 想看着高兴高兴
335,4.0,广州,还行吧，，，，，。
336,4.5,武汉,很好。很搞笑
337,4.0,北京,回忆这部电影，感觉主演都自带bgm，挺好的
338,4.5,阜宁,对现在、以后的人好点！
339,5.0,哈尔滨,特别喜欢，超级的逗
340,4.0,惠阳,一场宿醉后的美梦，让人从头笑到尾的超级大“小品”，好笑好看。
341,5.0,哈尔滨,笑到最后是淡淡的忧伤
342,5.0,临泉县,非常好看，没毛病
343,4.5,广州,好好好好好好
344,5.0,西安,已经过去很久，影片很满意。
345,4.0,杭州,笑点挺多的，还不错
346,4.5,西安,比较不错的喜剧片
347,4.5,重庆,电影很搞笑，只是搞笑而已，缺乏深度和意义
348,4.0,合肥,特别搞笑，好看！
349,5.0,江阴,虽然穿越是老梗了，但是开心麻花拍出了新意，笑点满满，看几遍都不会腻
350,5.0,宜昌,笑点很多，编剧也很好，好看的一部喜剧电影
351,2.0,重庆,zzzzxz
352,4.5,哈尔滨,很久没看到能让我发笑的国产喜剧了
353,4.0,上海,可以，想起当年的事情！搞笑，回不去了！
354,3.5,盐城,我不喜欢黏体娃娃。
355,4.0,广州,两年前红剧，拖到现在才看。但是梗都适用，果然搞笑果然厉害。开心麻花的戏路真的好。沈腾马丽黄金搭档。还以为尹正也是麻花的。
356,5.0,大连,很有意思，很搞笑，也很暖心
357,4.5,西安,蛮不错蛮不错
358,4.5,兰州,不错，还行，值得一看
359,4.5,北京,剧情非常简单，是最通俗易懂和老套的那种，不过表现的却很好，有很多好笑的情节，而且也很感人，夏洛这个人就是典型的*丝，沈腾完美的表现了这个角色，马丽艾伦都是实力派的演员，开心麻花出品，经过多年的话剧的沉淀，在剧本上确实优势很大，是部难得的好片，很赞，支持。
360,4.5,广州,穿越学生时代的梗虽然老套了，但是轻松一笑还是可以的
361,5.0,武汉,非常好笑！看了两次都有不同的感受！喜欢这个题材的电影！适合夫妻看！
362,4.5,天津,这是我们看的最后一场电影，印象中好像说了很多大道理，后来我又看了无数遍，可能觉得回到以前无忧无虑的学生时代还是挺好的吧
363,4.0,上海,没来的及看，也不能退！！
364,4.5,中牟,搞笑而重念回忆，珍惜
365,5.0,揭阳,刚失恋时看的 看完心情漂亮
366,5.0,济南,看过最好的电影 现在2018.1.5 至今怀念这场电影
367,4.0,洛阳,很不错奥，嗯嗯
368,5.0,黄石,特特特特好看
369,4.5,胶州,不错！不错！不错！
370,3.5,天津,电影票不便宜
371,4.0,天津,好。还可以吧。开心麻花的电影有点意思
372,5.0,沈阳,陌陌摸摸哦哦陌陌摸摸
373,4.5,上海,陪我一起看电影的那个人，已经离开了。
374,4.5,昌黎,非常喜欢这一帮喜剧演员，感谢他们的精彩作品！
375,4.5,台州,真的不错 武哥很喜欢
376,5.0,天津,那年我女友陪我看的
377,5.0,武汉,过了两年才来评论，现在已经看了羞羞的铁拳，还是好看。
378,2.5,上海,一般，也就那样吧
379,5.0,惠阳,好看啊！搞笑啊！
380,4.5,丰县,超级赞，开心麻花的演技就是可以
381,4.5,呼和浩特,挺好看的，不错。
382,5.0,苏州,有史以来笑点最密集的喜剧，开创了一个新的喜剧模式。
383,5.0,长春,很不出的片子，值得一看
384,5.0,北京,好好好好完美
385,5.0,西安,因为这部电影喜欢的沈腾，天才的喜剧人
386,4.0,潍坊,还不错。。。
387,4.5,西安,我非常喜欢的影片。
388,4.0,成都,马什么梅？！
389,5.0,辽阳,好。。。。。。。。。。
390,3.5,铁岭,一般棒一般棒
391,4.0,固始县,挺好看的，笑点蛮多。
392,4.5,长沙,是部好的喜剧
393,4.5,昆明,情节不错，就是一把年纪穿校服太违和😂
394,5.0,台州,好看得很炒鸡好看
395,5.0,北京,挺好😄，有机会再去吧。
396,4.5,开封,让人在看完电影后能够反思，珍惜眼前人，珍惜现在，很好，可以去看看
397,5.0,北京,超级好看，爆笑连连，值得一看
398,5.0,苏州,马东什么？马什么梅？什么冬梅？
399,1.0,嘉兴,根本没有看到，电影院居然关门了，醉了，那卖什么票
400,5.0,贵阳,很好看……喜欢😜
401,5.0,临沂,剧情挺好的！
402,3.5,上海,蛮搞笑的，无聊的时候看看
403,5.0,南京,超级搞笑，好看的
404,4.0,沈阳,看了很多遍。
405,4.5,沈阳,很好的一部电影，虽然剧情大框有抄袭，但是剧情全场无尿点，很久没有这么好的电影了，值得一看！
406,5.0,中山,几个好友一起去看的。很好笑
407,4.5,绥化,炒鸡搞笑！从头笑到尾
408,2.5,天津,没有传说中的那么好，笑点确实不少。但以电影来看的话，缺点也是不少的。黄渤左小祖咒的片尾曲不错
409,5.0,吐鲁番,笑死我了，非常好看，就是观影人的素质，老踢板凳
410,5.0,广州,看完还挺有感触得一部电影
411,5.0,大庆,爱，纯洁，美好，年轻真好！
412,5.0,汕头,好看，搞笑，也有泪点
413,5.0,北京,特别的搞笑呀！哈哈支持一下呀哈哈！
414,5.0,北京,很好的片子特别喜欢
415,5.0,深圳,不错的电影很喜欢
416,4.0,北京,和朋友一起看的  很搞笑的一部剧  对于笑点无限低的我  真是无法自控的从头笑到尾
417,5.0,武汉,无法超越的完美
418,5.0,长沙,好看，环境不错
419,5.0,香河,电影挺好看 票价不便宜
420,1.0,宿州,垃圾片，国产电影看一次失望一次。
421,4.0,聊城,挺搞笑的，不错的一个片子
422,4.5,焦作,我们永远不知道我们没有选择的生活是什么样子，不过，那又如何呢？珍惜当下才是最重要的。
423,5.0,成都,很好看，。。。。。。
424,4.5,淮安,好看，搞笑，是开心麻花的第一部电影，支持
425,3.5,包头,好好好啊好好好好好
426,4.0,北京,很不错，挺喜欢！
427,5.0,蒙自市,马什么梅？马冬什么？
428,5.0,合肥,体育课摸不来看看天天在这里看看具体兔子在我饿急可恶吐我佛
429,5.0,运城,你好，夏洛特
430,4.0,福州,刚看觉得蛮搞笑的，回味起来觉得有点男的有点渣，三观不太正
431,5.0,北京,太喜欢了 怀旧
432,2.5,沈阳,看完就忘记了
433,4.5,天津,"好看，
就是好看。"
434,4.0,沈阳,好送我就是举目四望马赛克
435,5.0,荆州,在紧张的工作之余可以看到这么让人放松的电影实在是不错
436,5.0,长沙,天马行空中欢声笑语。
437,5.0,广州,不错，很轻松的片子
438,5.0,常熟,超级搞笑的电影  现在回想起来还是特别开心
439,4.5,郑州,还不错，送点爆米花啥的就完美了
440,5.0,深圳,好看，搞笑，逗比
441,5.0,内江,超好看，，，，，
442,4.5,宜兴,哇，那么久还能写影评。回想起了看完电影后发生的事，让我一生遗憾啊
443,5.0,深圳,喜歡這套電影
444,4.5,桂林,还是恨不错的噢
445,5.0,北京,我想应该没人说不好吧，哈哈哈哈哈哈
446,5.0,南通,哈哈 开心麻花出品 必是精品
447,4.5,北京,讲述的就是平凡生活中的你我他，非常贴近生活的题材，我们都是夏洛，也都曾做过谁的马冬梅，哭了笑了，看完电影满满的感动与温暖，珍惜身边人。
448,3.5,黔西南,还行吧！🙂🙂🙂🙂🙂🙂🙂
449,5.0,天津,很搞笑，喜欢！
450,4.5,深圳,给力。很搞笑哈哈哈哈
451,5.0,烟台,挺好看的，效果不错
452,5.0,德州,完美！沈腾天生的喜剧人
453,1.0,青岛,“求婚大作战”里为了挽回爱情的坚持和改变自己的信念最终让主角有情人终成眷属，平凡可贵，减法至上，而在“拿来主义”的本片里，繁星一般的加法，满足*丝逆袭的脑满肠肥式意淫，两段里主角都是彻头彻尾的渣男，荒诞里见真情才是优秀，本片无非得过且过者的一出咯吱你的小品罢了。
454,3.5,武汉,期待越大，失望也就越大，没有想象中的搞笑，可能我的笑点比较高
455,4.0,武汉,如果可以重来，初恋和现任，你会选择谁
456,4.5,曹妃甸,非常感人至深的电影，也真实反应出现实社会的一些感情
457,4.5,哈尔滨,很不错的电影
458,5.0,北京,话剧演员演电影，效果就是很赞
459,5.0,北京,好好好笑啊
460,4.5,宁波,如果青春可以重来！还是不要了。难受。
461,5.0,连云港,影片真的很好看，特别的逗，很多地方也很感人！
462,1.5,银川,拼凑的粗俗段子笑笑而已
463,5.0,邯郸,和媳妇一起看的，非常开心
464,5.0,商丘,很喜欢 特别好看
465,4.5,三亚,近2年来看的最好看的喜剧片了，良心制作。羞羞的铁拳也可以，不过没有这部好看。
466,5.0,广州,很不错，特别搞笑喜欢开心麻花。
467,4.5,苏州,很好的一部喜剧电影、笑梗独特有新意、值得肯定
468,5.0,朝阳,"太好了
棒棒哒…"
469,4.5,北京,平平淡淡，风趣幽默。国产良心喜剧。
470,4.0,武汉,比较逗，改变了传统喜剧。
471,5.0,南乐,一次就好，冬天的我们
472,5.0,乌鲁木齐,搞笑感人完美
473,5.0,济南,怀念看这部电影的时候，真想从来一次
474,4.0,沈阳,太逗了非常搞笑
475,3.0,长沙,很好看。虽然穿越什么的设定很老套。但剧情挺感人。笑点也多
476,4.0,郑州,有笑点有泪点，不错。
477,4.5,临夏,良心作品，期待下一部
478,5.0,天津,开心笑到肚子疼，非常棒！
479,3.5,上海,优秀，好玩，结局不喜欢
480,4.5,重庆,好看，很搞笑，有各种元素，各种点在里面，让人回忆！可谓全程无尿点！
481,5.0,广州,非常不错，搞笑
482,1.5,黄石,台词真是尴尬
483,5.0,呼和浩特,不错的影片！
484,4.0,邯郸,一部既能让人笑的满地打滚又能让人思考人生的好片子，沈腾很有才能，希望多多出这样的片子
485,4.5,武汉,开心麻花的上乘之作。
486,5.0,舞阳,这些年唯一触动心弦的电影
487,5.0,深圳,就喜欢看搞笑的，电影从头笑到尾，很棒！
488,5.0,通化,好棒的团队，精品
489,5.0,清远,还算可以的，搞笑
490,5.0,昆明,好看 特别好看
491,3.5,北京,15年自己看的 感觉时间过得好快
492,5.0,石家庄,凑合过咯公共明明名模
493,4.0,重庆,看后感觉一般般，没得说的那么好看
494,5.0,合肥,2015年最佳喜剧
495,5.0,武汉,我爱马冬梅！
496,5.0,邢台,过去了多长时间，我突然想起来忘了评论，，
497,5.0,泰安,比较搞笑，有点加长版的小品的样子
498,5.0,辽阳,挺好的！不错
499,5.0,靖江,超搞笑的哈哈哈
500,5.0,宝鸡,看了羞羞的铁拳，再回来评价夏洛特烦恼，我只想给这部电影打10分。夏洛特烦恼真的很棒，没说的～
501,5.0,大连,有意思，有创意，用心之作
502,5.0,定州,看了好多遍！！！！
503,5.0,洛阳,看着还不赖啊
504,5.0,西安,这是一部看完两年现在在我心中我认为最搞笑的片子没有之一
505,4.5,重庆,挺好看，搞笑 结局感人 笑点中带泪点
506,5.0,呼和浩特,"完美
好看 喜欢"
507,5.0,铁岭,特别好看的一部电影推荐
508,5.0,呼和浩特,搞笑加怀旧，无尿点
509,4.5,北京,专业搞笑，笑点不断
510,5.0,成都,可以说很搞笑了 嘻嘻 期待下一部
511,5.0,上海,，，，不写影评就一直放着啊，，
512,5.0,大连,好看~ 一剪寒梅~~~~
513,4.5,淮安,还是蛮搞笑〜(￣▽￣〜)
514,4.5,哈尔滨,用喜剧的方式 去体验人生 你现有所抗拒的 不一定是不想要的
515,4.5,西安,棒极了，很好的一部电影，赞👍
516,5.0,三亚,笑到肚子好痛
517,5.0,台州,呵呵哈哈哈，最爱猪猪
518,5.0,焦作,和她一起看的第一部电影，只到现在我们分手了才评价，多希望你能给我一次机会，一次就好，我陪你去看天荒地老。
519,4.5,丰县,很好去去去去
520,4.0,开封,可要以说是近几年喜剧片里最喜剧的电影之一了，满分十分给八分，扣两分是希望进步
521,4.5,延边,每次看都有不一样体验，麻花出品，必属精品，经过话剧的千锤百炼，演技，还有贴近生活的方方面面，都很深入人心，通过看似不可能的穿越，告知珍惜眼前人的道理
522,5.0,石家庄,不错，刚刚看了铁拳，评价太晚了是吗？
523,5.0,大连,好看的喜剧完美
524,4.5,肥西县,好看，情节设计得不错
525,5.0,天津,真是完美了、太好看了
526,5.0,苏州,沈腾和马丽真是一对欢喜冤家，看到他俩就开心
527,5.0,西安,好看😊赶紧看，超搞笑
528,4.0,重庆,搞笑元素多！
529,5.0,金华,笑的我肚疼，哈哈哈哈哈
530,5.0,昆明,国庆节开心，看得也开心
531,5.0,重庆,近几年最好看的喜剧电影，没有之一
532,4.5,张家港,非常好看的一部电影，已经看了好多遍了
533,5.0,秦皇岛,电影很搞笑，特逗
534,5.0,北京,开心麻花出品必属精品
535,5.0,威海,和老公看了好几遍！
536,5.0,北京,太逗了，全程无尿点！
537,5.0,深圳,很很搞笑，难得的好片。笑点都get到了。
538,3.0,上海,有很多笑点，不过剧情好烂，三观奇葩，尬的地方也很多。
539,5.0,济南,完美，非常好看
540,4.5,南宁,挺搞笑的，剧情也流畅。回味了一下那些年
541,5.0,包头,好看😊姑娘很开心
542,5.0,北京,看完羞羞的铁拳，马上来温习一遍。还是感动如初！多谢开心麻花。
543,5.0,石家庄,堪称精品中得精品 笑料不间断
544,5.0,聊城,完美电影，搞笑之余还有感动
545,5.0,岳阳,全程笑点爆炸
546,5.0,汕头,会反复看很多遍
547,5.0,海门,珍惜现在..
548,5.0,佛山,完美，就是完美
549,4.5,西安,很好！很搞笑！不错
550,5.0,哈尔滨,超级搞笑！太有意思了！开心麻花真棒👍！
551,5.0,凌海,沈腾和玛丽的真的感动到我了
552,5.0,大石桥,"很棒
非常方便.快捷节省时间满分"
553,5.0,太原,看的开心麻花🌸第一部电影，夏洛特·烦恼，原来是夏洛·特·烦恼，我会在你身边你左右 ，绝不会回头。麻花加油😊
554,4.0,成都,一般，想开心下可以看
555,4.5,长春,为了拉朋友一起看 看了两边
556,5.0,贵阳,确实很不错，开心麻花团良心剧，笑点多，也很感动！
557,5.0,合肥,很不错的喜剧，我也曾梦想着回到上学的时代，无论初中还是高中，都怀念那个难以忘怀的真情岁月
558,5.0,上海,太搞笑了吧！好看！
559,5.0,天津,开心麻花的经典作品，看了两遍，全场笑得肚子疼
560,5.0,沈阳,特别逗、真的好看！
561,5.0,南京,很好玩看的很开心
562,5.0,南京,真的很好看啊
563,5.0,常州,很好看
564,5.0,呼和浩特,超级搞笑，棒
565,5.0,福州,期待藤老师的羞羞的铁拳。
566,5.0,武汉,小成本，欢笑中让人回想起学生时代的爱情故事
567,5.0,湘阴,真滴是太好看了！
568,4.5,龙口,很喜欢，支持开心麻花！
569,4.0,苏州,麻花出品，一如既往的牛逼哄哄
570,5.0,莱芜,全程笑点，很有创意，寓意深刻
571,5.0,沈阳,看了此片认识了开心麻花
572,4.5,吉林,回忆青春，搞笑现实。
573,5.0,青岛,满分，值得10分评价
574,5.0,成都,居然没有评分、赶紧补起、以后开心麻花的都必看
575,5.0,深圳,太好看了，笑到肚子痛
576,5.0,绵阳,完美，很不错哦
577,5.0,上海,比铁拳好看多了
578,5.0,廊坊,心目中最好的喜剧片
579,5.0,苏州,好好看看的电影
580,5.0,正定,非常好，有回忆
581,5.0,吴川,搞笑的一匹！
582,5.0,沈阳,。。zzzzzz
583,4.5,金华,意外的好看，笑点很多，年度最佳喜剧片
584,5.0,南昌,看完羞羞的铁拳回过头发现以前都没评论过……
585,5.0,武汉,回去后又看了两遍，真心不错！
586,5.0,天津,很好看，分数很高
587,5.0,青岛,挺好的 有笑点又感人
588,5.0,天津,好久之前看的，最近才评价，还不错吧！
589,4.5,大庆,不错，上半段笑点密集，下半段走煽情。
590,5.0,天津,很好看，值得去看
591,5.0,襄阳,时常想起这部剧
592,5.0,成都,看完了铁拳好看美滋滋，补发夏洛影评
593,5.0,北京,噫这部我居然没打分！讲道理这部我看的比羞羞拳还要感动一些...爱情更加打动人，配角也都很出彩，到现在我还记得梦特娇袁华秋雅大傻春张远鸡毛装司仪还有老大爷2333
594,3.5,南京,如果结局俗套点或许分数更高
595,5.0,长沙,好看！特有意义及搞笑的影片！
596,4.5,长春,开心麻花首部电影，一部属于他们特有喜剧形式的电影，一部很少会在电影院看两次的电影，《羞羞的铁拳》都上映了，才补发评论，时隔这么久，仍对于比喜剧，觉得非常棒！
597,4.5,广州,太喜欢马丽和沈腾了！
598,3.5,襄阳,很搞笑有点夸张
599,4.5,深圳,挺不错的 搞笑 气氛很好
600,4.0,哈尔滨,好，有意思。
601,4.5,柳州,还不错！期待下部
602,4.0,武汉,珍惜拥有的一切！
603,5.0,北京,好看，开心麻花简直太逗了！
604,5.0,杭州,这电影本来期望不高的，以为外国片，但是看到进入梦境教室那段感觉有趣起来了。。。 这片子成功我想离不开大家儿时的回忆或者都有共同的感知与共鸣， 至于三观就不评价了，这片子给我耳目一新的感觉。
605,4.0,贵阳,看了两遍都不厌倦的电影
606,5.0,平湖,非常非常好看
607,4.0,深圳,不错，值得一看的电影。
608,5.0,平泉,完美 看了太多遍
609,5.0,哈尔滨,很好的一部电影、太好看了、很好！
610,5.0,三亚,不错，全场无尿点
611,5.0,济源,喜欢，郝建、马丽、喜欢开心麻花
612,4.5,无为,很好看哦，，，
613,5.0,呼和浩特,好厶看推荐去
614,4.0,昆明,觉得名字特别去看了之后就明白了
615,5.0,扬州,笑点太多，特别解压，值回票价
616,4.5,武汉,非常棒的电影！
617,5.0,武汉,开心麻花的好看
618,5.0,肇庆,搞笑无厘头咯
619,4.5,南昌,不错可以的值得
620,5.0,沈阳,搞笑 和同事一块儿捧腹大笑
621,5.0,邓州,过去的就回不去了😄
622,5.0,兴化,很不错，很好看
623,4.5,自贡,这部电影里的梗不做作，不黄色，自然且笑料丰富，比如每次想到楼下老大爷叫马冬梅的就会笑！每次不开心就会找出来看～9.30已经买好羞羞的铁拳票，支持开心麻花，拯救不开心～
624,4.5,北京,我看了好几遍这个电影
625,4.5,盐城,很好看，搞笑，很爱夏洛！
626,5.0,邯郸,666，非常好
627,5.0,牡丹江,哈哈哈哈，可以说我是开心麻花的小**粉。满分肯定是有点夸张，但就凭它让我这么开心，我就任性的满分啦啦啦啦啦啦啦啦
628,3.5,临沂,还行，很久了，情节都忘的差不多了
629,2.5,上海,什么叫作，这就是了
630,5.0,成都,好看 看了几遍
631,4.5,大连,能不能提前啊，现在都没电影可看了，国产电影保护月放在暑假我***也是醉了
632,5.0,大连,很高兴呦，很好笑，在大连拍的喔
633,5.0,余姚,哈哈大笑，但是三观不正。内涵就是：得不到的才是最好的
634,5.0,武汉,片子不错，失去后才懂得珍惜表现得淋漓精致
635,3.5,武汉,总体来说还是可以的。，，，，？
636,5.0,哈尔滨,喜欢沈腾，喜欢开心麻花的风格
637,3.0,惠阳,没什么好看的
638,5.0,珠海,这部电影，精彩！
639,4.0,南昌,好看搞笑，个人喜欢这种喜剧片
640,4.5,广州,超好看(｡･ω･｡)ﾉ♡超搞笑〜(￣▽￣〜)超温馨ｸﾞｯ!(๑•̀ㅂ•́)و✧
641,4.0,南京,还行吧，比较搞笑，好玩
642,5.0,苏州,感人好看非常满意
643,5.0,温州,好看，看一遍笑一遍。经典
644,5.0,福州,很好看 感人
645,5.0,上饶,赞！超级搞笑！！！
646,5.0,哈尔滨,麻花粉，沈腾，马丽，艾伦
647,5.0,商丘,好看，特别好看
648,4.5,深圳,henabg
649,4.0,焦作,还不错，可以看一下
650,5.0,北京,very romantic
651,5.0,苏州,这是我看过的最真实，最贴近生活贴近自己的电影，绝对好看
652,4.5,青岛,刚好是因为自己是不是
653,5.0,上海,眼前一亮的感觉
654,5.0,扬州,很值得一看。
655,4.5,济南,"非常搞笑,很好看。。"
656,5.0,西安,"看了快两年了 😀😀
和前任看完就分了  哈哈哈哈
不过这电影还是蛮好看的"
657,5.0,成都,挺好，两年前看的，挺感谢当时一起看这电影的人，虽然现在已经成陌路
658,5.0,长沙,还好还好，好久以前看的
659,5.0,齐齐哈尔,非常好看，跟我老公领证那天去看的，算是纪念了，完美
660,5.0,济宁,"迟到了10几分钟。
珍惜身边的所有。家人，朋友。"
661,4.5,福州,重生文看多了就没什么感觉了不过挺好笑的
662,5.0,上饶,好看，感触很深
663,5.0,西安,😓挺好的。回味无穷。
664,5.0,沈阳,谁没有难忘的青春，影片很感人
665,5.0,吉林,贼6的一部电影，期待下一部
666,5.0,呼和浩特,完美  很好
667,4.0,济南,还好吧，爆米花电影，看过也就忘了
668,5.0,开封,tttttt
669,4.5,天津,两年前看得了，今天想起来了，很不错，
670,4.5,锡林郭勒,梦总会醒的，反映当今社会现实
671,5.0,长兴,超搞笑！期待更多优秀作品！比如羞羞的铁拳
672,0.5,三亚,第一次有一部电影，让我整整一周没胃口吃饭。
673,5.0,孝感,从头笑到尾！
674,5.0,郑州,满分的电影，好久没有这么好看的电影了
675,5.0,潍坊,挺好玩的，很好看
676,5.0,哈尔滨,每个人都想重新来活，但是重新开始的生活未必适合自己，所以享受珍惜当下最重要，小的幸福就从每一部好电影开始。
677,4.5,睢宁,笑料百出。真的赞
678,5.0,沈阳,非常棒，看了好几遍
679,4.0,上海,笑点很多～值得看～反正看完我嘴巴笑的累了～
680,5.0,平凉,不后悔看，棒棒哒
681,5.0,吉安,非常搞笑，让烦恼都烟消云散
682,4.5,武汉,电影好好看，气氛也可以
683,5.0,昌邑,这喜剧有点意思。
684,4.0,庐江县,感动啊，一次就好我陪你到天荒地老😭
685,4.5,昭通,满满的回忆，很好看
686,5.0,秦皇岛,当时看的蛮搞笑的。不错👍
687,5.0,长沙,很好，同模嘟嘟嘟嘟
688,5.0,上海,看了之后很感动，感动了很久，希望他能过的好吧
689,5.0,淮南,只是没事做了就去随便挑了个电影看   没想到那么好看
690,5.0,上饶,还可以，有那么好看的
691,4.5,上饶,好。
692,5.0,西安,喜剧电影拍的不错
693,5.0,天津,笑点接连不断，演员表演到位，喜欢沈腾马丽。
694,5.0,北京,先搞笑，后感人，喜欢马冬梅
695,4.0,北京,团购挺便宜的
696,5.0,上海,搞笑～～他们是认真的！
697,4.5,海口,很好看的，值得一看
698,5.0,宝鸡,还可以，挺好看的
699,4.5,河池,蛮搞笑的，太久了，不记得了😂
700,4.5,北京,非常完美，多吃观看
701,5.0,哈尔滨,超级好看，强烈推荐
702,5.0,大连,不一样的美好
703,5.0,宁海,还可以，挺不错的吧
704,3.5,西安,是路了尤其是咯我说了土了我咯了涂了谁
705,4.5,深圳,喜欢开心麻花团队
706,3.5,抚顺,还不错，很搞笑
707,4.0,太原,好看电影，不错影片
708,4.5,深圳,本年度最好的喜剧片
709,5.0,成都,"好看，推荐！
有儿时的回忆"
710,5.0,万州,好看好看好看精彩
711,4.0,吉林,前期看的很开心😄，最后看的很虐心，😢。总体很不错
712,0.5,沈阳,三观不正，全程尬笑。
713,5.0,石家庄,不错，特别好看
714,5.0,洛阳,本片说明了两件事儿，第一，开心麻花这次拍电影是认真的，第二，话剧演员的表演功力绝对能让人又哭又笑，虽然剧作结构有缺陷，但是不妨碍本片成为今年最好笑的大陆电影，前半段一直用发泄时的笑料扇国产青春片的耳光，后半段在搞笑中煽情，连马丽都看起来巨正点！
715,4.5,江阴,是不错的电影
716,1.0,上海,名字叫夏洛。无聊死了
717,4.0,秦皇岛,挺好笑的还，
718,5.0,锦州,院线追了三遍
719,5.0,郯城,完。看完想自己家里的老婆孩子
720,5.0,无锡,很好看，环境优。
721,4.5,齐齐哈尔,看了几次都爱看
722,4.0,梧州,搞笑，青春，励志！很喜欢！
723,5.0,大理,挺好的，还可以
724,5.0,德州,幽默诙谐   引发感慨   人活一世 努力努力
725,4.0,深圳,挺搞笑的，但同时又笑中带泪，很值得去看。
726,4.5,大连,都忘了还有影评一说啦😄回忆一下，难得的国产影片，第二部等待中。
727,5.0,深圳,电影还不错，影院环境也好！值得一看
728,5.0,西安,喜欢开心麻花
729,5.0,重庆,"好看
好看！"
730,5.0,杭州,自己看过了觉得很棒。至少让我笑得很开心。
731,4.0,上海,刚开始觉得演员太老吧 后来一入戏 这些都不算什么 感动欢笑 青春美好
732,5.0,兰州,不错不错哟！
733,5.0,深圳,特别想看，没票了！！
734,4.5,上海,挺好看的，喜欢
735,5.0,孝感,好看，笑点多。有人说三观不正的……但是只有失去才知道珍惜，不是人的通病么
736,5.0,咸宁,很好看，刷了好几遍，很搞笑
737,4.5,聊城,现实夹带搞笑，很不错，看过两次。
738,5.0,长沙,这个留下了深刻的印象，可见，好片会留痕的。
739,5.0,南通,还是很搞笑的
740,3.5,恩施,比较好加油啊
741,4.0,桐乡,开心麻花团队不错的
742,4.0,齐齐哈尔,电影内容不错
743,5.0,鞍山,过去的记忆就过去了😁
744,5.0,横店,好多点get到，好。
745,5.0,天津,挺好看的，一家人去的，看了两边了！
746,5.0,兰州,爽很爽非常爽
747,5.0,盐城,好笑啊哈哈哈
748,5.0,昆明,看到了那个记忆
749,3.5,迁安,还行吧，时间太久了，不记得当时是什么情况呢？跟老公这次特别喜欢看电影，经常会过来看的。
750,4.5,天津,热闹喜剧效果中透露着很深的人生感悟
751,5.0,杭州,完美，没毛病，老铁。
752,5.0,武汉,很好看啊，怀旧，青春
753,4.5,来宾,很好看………
754,5.0,西安,不错 很好
755,5.0,天津,2015最好看电影 没有之一
756,5.0,鞍山,很想再看一次的感觉
757,5.0,广安,很搞笑的影片
758,4.5,张家口,喜剧特色很浓！带孩子一起看的，很开心！
759,4.5,深圳,值得看，好电影
760,4.5,重庆,和某宝宝看的没看完她有事跑了。我也走了。。电影真心好看，看了三次才看完
761,3.0,石家庄,有一些青春的气息，但是一群小品演员，总感觉那里不太对
762,3.5,成都,简简单单的 挺好
763,3.5,沈阳,娱乐性还可以，有些梗比较老。
764,5.0,泰安,好看，经典段子久久不能忘怀，看电影闺女只来万达
765,4.5,景德镇,从头笑到尾。
766,4.5,惠州,非常好看的。
767,5.0,潜江,笑点足，超出预期
768,5.0,昆明,小制作，耐人寻味的好片子！！
769,4.5,广州,还是沈腾演的淡腾些
770,4.5,雷州,类似这样的电影有点多，但是还是觉得这个不错。
771,5.0,桐乡,超搞笑，反正笑抽了
772,5.0,重庆,故事讲得好，淋漓尽致
773,5.0,镇江,很棒，剧情紧凑，幽默搞笑，主演演技非常好，看了几遍还是觉得很有意思，
774,4.5,福州,电影不错喔，看的很开心，有收获
775,5.0,南京,其实我去看就是去看沈腾的！😜
776,4.0,深圳,很早以前看的，穿越题材挺有意思的，如果当作喜剧看没什么，但是仔细想想男主角真的像重生小说里面的抄袭🐶哈哈哈
777,4.5,杭州,很搞笑，好看。，，，
778,5.0,包头,很好看的国产电影
779,5.0,洛阳,很好看，特别喜欢开心麻花
780,4.5,武汉,笑中有泪，戳中生活中很多温馨的点
781,5.0,长春,很好，不错，满意，超乎预计效果
782,5.0,天津,首映时看的，现在电影还在，女朋友没了
783,5.0,广州,好看。故事完整剧情精彩有启发意义。
784,5.0,沈阳,老了好几次的
785,5.0,深圳,看的时候开怀大笑，看完之后痛哭流涕！
786,5.0,桐庐,美好的东西不一定是你想得却得不到的，而在于你是否珍惜它！
787,4.5,天津,之前看过话剧，部分情节电影里做了删改。基本还原，但是一些话剧里的笑点，电影里无法呈现。希望开心麻花继续努力，希望话剧票别再涨价
788,4.5,咸阳,懂得珍惜，你会更加幸福。
789,4.0,遵义,搞笑中带有深意
790,4.5,天津,可以可以，就是座位不太干净。。可能是上一波弄得，不怪影院。
791,5.0,北京,非常好看，喜剧片，不可怕，孩子应该不会害怕，我家闺女比较喜欢，推荐建议看一下啦
792,4.0,济南,挺有意思的，推荐观看
793,4.5,哈尔滨,喜欢，笑中有泪！
794,4.5,北海,好看。搞笑，不错。
795,5.0,大连,现在要学会珍惜，别等到失去才知道什么才是最好的❤
796,5.0,池州,纯粹的搞笑啊！还可以吧！
797,5.0,长沙,非常好看。喜欢
798,5.0,襄阳,很好看的 非常喜欢
799,5.0,成都,搞笑，全程笑点多
800,4.5,无锡,笑点多 真正的喜剧
801,5.0,长清区,不错的电影，很好笑
802,5.0,上海,这个电影很有印象，也是电影院看过的，笑死我了，票房很给力的那时候！
803,3.5,罗源县,挺好看的，可能很多人比较喜欢，但我不太喜欢这种题材的。总体还是好看的
804,5.0,温州,期待一下个好剧
805,4.5,辽阳,好好好，不错
806,3.5,许昌,好看，期待下部作品
807,5.0,武汉,"灰常灰常好看
！"
808,5.0,上海,永远忘不了，很赞
809,4.5,六安,看了就不烦恼了
810,5.0,昆山,好看，期待下次一起看了呃呃呃
811,4.0,日照,其实剧情也很俗套，但是好玩
812,5.0,天津,和前女友看的第二代场电影
813,4.0,福州,幽默搞笑看了心情也好点
814,5.0,呼和浩特,"很好笑,期待有新的作品"
815,2.5,嘉兴,不是特别饿好
816,4.0,宁波,不错哦、一，
817,5.0,瑞安,非常好看满意！
818,4.0,湘潭,拍得有趣且贴近生活
819,5.0,大庆,和男友去的  非常棒
820,5.0,清远,好看好看好笑
821,5.0,太原,非常好看，值得一去
822,5.0,临安,蛮好看的😊
823,5.0,济宁,好急了，真不错！
824,5.0,白银,沈腾，马丽真的看的我肚子疼，太逗了
825,5.0,佳木斯,从头笑到位，影院笑声不断
826,4.5,通辽,好看，感人至深
827,3.5,合肥,感觉剧情一般
828,4.5,深圳,好看又好笑。
829,4.5,阳泉,不错，笑点多，我的评价真是太晚了，忘记了
830,5.0,溧阳,不错哦！！！
831,4.5,南京,荒诞里有心酸
832,5.0,秦皇岛,很开心，高兴就好！
833,5.0,郑州,这部电影有搞笑的情节，有发人深思的细腻情感，让人看了之后，脑袋里会留下一个印象，实属不易。
834,5.0,深圳,绝对的值！！！！绝对的搞笑，绝对完爆港囧😓
835,5.0,西安,情理之中，引人深思
836,5.0,张家港,什么梅？马东梅啊
837,4.0,唐山,好极了，太逗了
838,5.0,沈阳,迟来的评价，笑得合不拢嘴
839,4.5,北京,真的很好看 笑点特别多 反正是戳中我一万个笑点 哈哈哈
840,5.0,保定,很棒 特搞笑 厉害hen
841,4.5,阜阳,看的不错，推荐一下
842,5.0,广州,很好，期待新作品
843,4.0,成都,可以 可以 乐园
844,5.0,玉林,非常好看，超爱
845,5.0,阳朔,很好看，东北式搞笑但不庸俗。值得再看一次
846,5.0,上海,这是一份补交的作业！
847,5.0,昆山,超级好看，很喜欢沈腾的幽默
848,5.0,武汉,好想再看一次
849,4.0,深圳,总有你想不到的画面
850,2.5,深圳,三观不正，不喜欢男主
851,5.0,宜兴,不错，值得观看
852,5.0,永州,因为这是我最后和她一起看的电影
853,4.0,莆田,年度最好的喜剧片，港囧跟夏洛特烦恼简直没法比，有笑点，有泪点。我都要成自来水了2333
854,5.0,大庆,是我看过最逗逼的一部电影
855,3.5,深圳,我觉得开心麻花还是更适合话剧，看了几部开心麻花的电影，都觉得有些恶俗。这种夸张和低俗的幽默用话剧表现反而没那么扎眼，电影还是更讲究画面和节奏。勉强好评吧。
856,4.5,上海,好看很好看的
857,5.0,石家庄,很好，超级棒
858,4.5,大连,挺好看的，有意思！
859,4.5,阜新,非常好！有个爱你的人不容易。
860,4.5,西安,很棒的样子吗
861,3.5,泰安,不错额  哎呦
862,5.0,北京,看不错，搞笑
863,5.0,秦皇岛,这个片子挺好看的
864,5.0,兰州,这部电影真的特好！超乎意料！值得看很多遍！
865,2.5,靖江,一般般也就那样 相当于几个小时的超长小品…
866,4.0,青岛,挺好的！！！
867,4.5,重庆,不错，挺搞笑的
868,5.0,合肥,真心不错，看完了之后还想再看一遍，男主的经历告诉我们只有失去以后人们才会真正的懂得珍惜。
869,4.0,开封,嗯，很搞笑也有点小悲伤，很值得看的一部电影
870,5.0,上海,诚意之作，好看！
871,4.5,桐庐,超级好看！哈哈……
872,4.5,德州,很不错，加油吧，超了好几亿
873,4.5,永康,真的非常好看
874,3.5,绥化,不错还可以。
875,4.0,长春,不错，希望开心麻花继续努力
876,4.5,连云港,夏洛特烦恼好好
877,5.0,赣榆,超好看的电影
878,5.0,常州,不错 ，hao gao xiao
879,5.0,北京,超级好看的一部片子。
880,5.0,兰州,很有爱的一部电影 ！
881,4.5,武汉,名义上是穿越，实际上是批评浮夸吧，所以超越了做白日梦的穿越剧。
882,4.5,苏州,很好看的电影
883,5.0,胶州,第一次把电影连看三遍
884,5.0,长春,很好看值得一看下次还来
885,5.0,武安,不错，值得观看！
886,5.0,太仓,开心麻花🌸
887,0.5,上海,外卖拖累了大家啊
888,5.0,许昌,非常棒的一部喜剧电影！完美！
889,5.0,昆明,不错 特别喜欢沈腾
890,5.0,哈尔滨,超级搞笑。很好玩，
891,5.0,龙口,十分值得推荐的电影
892,4.5,内江,挺好的，环境高大上
893,5.0,铁岭,非常棒，支持。
894,4.0,河源,好看，很搞笑。
895,5.0,昆山,电影搞笑，非常棒！
896,4.5,武汉,值得看。非常好
897,3.5,重庆,"不知道为什么那么多人叫好
不过做为茶余饭后确实是轻松点就好
开片以为主角叫夏洛"
898,5.0,上海,好吧赞赞赞👍
899,4.5,武汉,好棒啊牛掰的
900,4.5,自贡,好看，搞笑，值得一看
901,5.0,宿迁,搞笑，期待下一部
902,5.0,重庆,非常好看，看了两遍，不错
903,5.0,铜仁,搞笑好看人太遥远
904,4.5,广州,还不错还不错帮您
905,5.0,天津,开心麻花最好的一部作品没有之一
906,5.0,枣阳,不错的喜剧，我喜欢
907,5.0,威海,非常搞笑的一部影片，看完一遍还想再看第二遍。
908,4.0,如皋,哦   蛮好玩的
909,4.0,上海,挺好笑的，老少皆宜
910,3.0,南宁,短平快，深度不够
911,5.0,贵阳,非常值得推荐好看的不得了
912,4.5,上海,挺不错的好看
913,4.5,洛阳,插曲我都会弹奏了，听音乐的人却走了
914,4.5,天津,挺好的 比较不错
915,5.0,临潼,电影不错，想再次观看。
916,4.5,鞍山,开心麻花的聚还是棒棒的可以
917,5.0,襄阳,搞笑金典的一部电影！
918,5.0,齐齐哈尔,完美好看。很喜欢
919,5.0,吉林,麻花的大电影很好
920,3.5,北京,挺好的，还不错
921,5.0,徐州,后来又看了好几遍
922,5.0,成都,很真实，很好看呀
923,3.5,济南,想看你笑想和你闹，想拥你入我怀抱～
924,4.5,宾阳,得不到的永远是最好的，拥有的总是不珍惜！
925,4.0,成都,很好看的，也比较值得深思的电影
926,5.0,上海,从头笑到尾
927,5.0,南通,特别喜欢，期待沈腾的下一部作品
928,4.5,上海,好看◝( ﾟｰﾟ)◟◝(●˙꒳˙●)◜
929,5.0,沈阳,搞笑我们是认真的
930,4.5,太原,从头笑到尾，笑中有泪，泪中带笑超好看的电影！
931,5.0,杭州,有笑点无尿点
932,5.0,杭州,有意思，看过很搞笑的电影。
933,5.0,深圳,很好看，中国近几年少有的好电影
934,4.5,深圳,超级好看 好笑又感人
935,5.0,北京,不错，很开心的一次观影。
936,5.0,徐州,还不错值得一看，建议去看一看！
937,5.0,北京,开局笑到结束
938,5.0,北京,很难逾越的经典喜剧片，每分钟都是包袱
939,5.0,赣榆,很好看，看完还想再看一遍。
940,4.5,襄阳,经典好看舒服
941,5.0,成都,非常完美，全程笑到尾
942,5.0,洛阳,总体很不错，以前在学校看过话剧版的，演的内容更多一些，人心的黑暗描绘的淋漓尽致，还有点小黄小暴力，哈哈，但这部剧还是可以的
943,5.0,重庆,非常完美可以
944,5.0,北京,不错，确实好看
945,5.0,大同,很好看 嗯嗯嗯
946,4.5,邯郸,好搞笑，全程都在笑
947,5.0,咸宁,喜剧电影还不错
948,5.0,宜昌,steven看到回话
949,5.0,海宁,好看的好看的
950,5.0,晋城,非常好看的一部电影。
951,4.5,潍坊,非常的好看。
952,5.0,唐山,感觉看过的每一部电影都很精彩
953,4.5,化州,喜剧别谈价值观，不夸张不好笑的
954,5.0,沈阳,啥都不说～～一直乐！
955,5.0,武汉,和妹子看的电影，不错！
956,5.0,玉溪,最好看的电影
957,4.0,广州,还可以，笑点挺多的，没有什么尬点
958,4.0,临汾,朋友在看到最后夏洛表白的时间哭了
959,5.0,上海,很久了 一直没写影评 很不错的电影
960,4.5,湘潭,挺好看的，算是一部比较值得看的一部电影，搞笑的包袱还是很多的，最近几年比较成功的喜剧片。推荐！
